anon_id,age,year,gender,int_student,esl,e_exp,e_lvl,URM,p_education,m_education,par_rel,fin_support,ses,grant,soc_med,hw_time,transfer,first_gen,exam1,exam2,exam3,exam4,exam5,exam6,prep_p_raw,extra_credit,e_correct,p_p_final,exam_total,final_grade,opt_in,p_tot1,p_tot2,p_tot3,p_tot4,p_tot5
100124,19,2,Woman,1,1,70,5,0,4,4,Together,7,0,0,180,13.3,0,0,66.33333333,73.16666667,56.83333333,56,69.5,58,354.4,10,0,250,64.76666667,74.575,0,55.33333333,65.58823529,51.5625,50.58823529,62.8125
100168,19,2,Man,1,1,50,6,0,5,5,Together,7,0,0,300,15,0,0,81.16666667,82.66666667,80,78.66666667,88.66666667,82,334.48,15,5,250,82.9,88.675,1,85.66666667,75.29411765,81.25,78.82352941,78.75
100915,20,3,Woman,0,1,100,6,0,4,5,Together,7,0,0,240,6,0,0,92.5,88,80.5,79.33333333,87.66666667,NA,372.5,15,5,250,85.6,90.7,1,91.66666667,78.82352941,79.6875,90.58823529,84.375
109338,19,2,Woman,0,1,92,3,0,4,2,Together,3,NA,NA,60,14,0,0,87.33333333,78.33333333,90.66666667,89.66666667,96.33333333,NA,375.46,14.9,4.9,250,88.46666667,92.84,1,88.66666667,70,87.5,88.82352941,93.125
113553,20,2,Woman,0,1,85,4,0,2,4,Together,2,2,1,600,8,0,0,51.66666667,41,49.5,59.5,65.66666667,64,332.93,15,5,250,58.06666667,70.05,1,32.66666667,26.47058824,42.8125,43.82352941,65
115362,20,2,Woman,0,0,100,6,0,5,5,Together,7,0,1,180,12,0,0,92,81.33333333,79.33333333,89.33333333,86.33333333,82,283.97,15,5,250,86.2,91.15,1,77.33333333,81.17647059,83.75,91.76470588,81.875
116004,18,1,Other,0,0,95,5,0,5,4,Together,6,NA,0,90,25,0,0,96.33333333,93.83333333,99.66666667,94.33333333,100,NA,373.94,10,0,250,96.83333333,98.625,0,92.66666667,89.11764706,99.375,90,100
116312,19,2,Woman,0,0,100,6,0,2,-99,Together,6,0,0,360,13,0,1,59,78.83333333,73.5,66.33333333,75.33333333,78,257.75,10,0,250,74.4,81.8,0,41.33333333,85,57.8125,59.41176471,69.375
117848,20,2,Woman,0,0,100,6,1,4,4,Together,7,0,NA,120,8,0,0,72.33333333,71.66666667,90.66666667,74.33333333,70,NA,268.39,14.6,4.6,250,75.8,83.31,1,67.33333333,52.35294118,85,61.76470588,70.625
120124,18,1,Man,0,0,80,6,0,5,5,Together,7,0,0,45,9.5,0,0,93,88.75333333,93.16666667,96,98.33333333,NA,297.13,15,5,250,93.85066667,96.888,1,86,81.47058824,92.1875,92.94117647,96.875
124193,20,2,Woman,0,0,99,6,0,4,4,Separated,7,2,NA,200,20,0,0,87,88.16666667,92.33333333,76.66666667,91.66666667,82,288.46,10,0,250,88.23333333,92.175,0,91.33333333,79.11764706,88.125,61.17647059,95.625
124704,22,4,Man,0,0,95,6,0,2,2,Together,4,2,1,120,20,0,1,59.33333333,81.16666667,84.66666667,64.33333333,81.16666667,NA,302.82,10,0,250,74.13333333,81.6,0,49.33333333,78.52941176,85,44.11764706,78.4375
126548,20,2,Woman,0,0,100,6,0,5,4,Together,7,0,NA,180,21,0,0,76,85.5,83.33333333,70.16666667,87,58,360.7,10,0,250,80.4,86.3,0,72,88.52941176,77.5,63.82352941,98.125
127794,21,2,Woman,1,1,38,4,0,4,4,Together,7,0,0,300,28,0,0,67.66666667,76.16666667,69.16666667,64.66666667,80.5,52,281.85,10,0,250,71.63333333,79.725,0,59.33333333,68.52941176,64.6875,71.76470588,80.3125
128016,20,2,Man,0,0,90,6,0,4,5,Together,6,0,0,90,5,0,0,58.83333333,68.83333333,75.16666667,36.33333333,65,68,263.86,14.75,4.75,250,67.16666667,76.85,1,60.33333333,54.41176471,72.1875,31.17647059,70.625
128513,20,2,Man,0,0,100,6,0,4,4,Together,7,NA,0,145,13,0,0,NA,66.33333333,46.33333333,79.66666667,82,80,260.37,11,1,250,70.86666667,79.25,1,NA,48.82352941,30.625,78.23529412,73.75
130380,19,2,Woman,0,0,95,6,0,5,5,Together,5,0,NA,4,7,0,0,61.33333333,61.5,75,52.66666667,73.33333333,48,338.62,14.9,4.9,250,64.76666667,75.065,1,52.66666667,73.23529412,60.625,44.70588235,67.5
132340,19,2,Man,0,0,100,6,0,5,5,Divorced,6,0,0,300,8,0,0,80.66666667,77,76.5,90.66666667,72.66666667,NA,307.2,15,5,250,79.5,86.125,1,74.66666667,73.52941176,64.6875,85.88235294,71.25
134149,19,2,Man,0,0,100,6,0,2,1,Separated,1,0,1,90,8,0,1,87.16666667,79,78.66666667,94,NA,88,217.03,5,0,217.03,85.36666667,86.228,0,78.33333333,68.23529412,71.25,89.41176471,NA
135727,20,3,Woman,0,1,100,6,0,4,-99,Divorced,1,2,1,50,5,0,0,43.66666667,79,79.16666667,82,68.66666667,46,315.23,15,5,250,70.96666667,79.725,1,40,74.70588235,74.6875,77.64705882,52.5
139950,18,1,Woman,1,0,90,6,1,5,5,Together,7,0,0,240,5.5,0,0,48.66666667,83.33333333,78.83333333,82.66666667,85.66666667,74,321.45,15,5,250,80.9,87.175,1,44,83.52941176,71.5625,91.76470588,80.625
141625,18,1,Woman,0,0,100,6,0,5,5,Together,6,0,NA,90,3,0,0,79.33333333,88.66666667,79.33333333,74.16666667,75.33333333,82,353.5,10,0,250,80.93333333,86.7,0,61.33333333,88.23529412,78.75,70.88235294,71.25
142556,18,1,Woman,0,1,100,6,0,4,2,Together,7,0,0,300,14,0,0,84,79.83333333,73.83333333,84.83333333,86,84,344.97,10,0,250,83.73333333,88.8,0,75.33333333,80.88235294,64.6875,83.82352941,85
143458,21,4,Man,0,0,100,6,1,1,1,Together,2,2,1,1.33,4.33,0,1,39.33333333,53.16666667,82.5,80,78.33333333,64,315,14.9,4.9,250,71.6,80.19,1,32,33.82352941,84.6875,76.47058824,74.375
147145,18,1,Woman,1,1,75,4,0,5,5,Divorced,NA,NA,NA,180,18.5,0,0,49,64.16666667,70.5,59.83333333,57.33333333,52,319.11,10,0,250,60.76666667,71.575,0,41.33333333,43.82352941,55.9375,56.17647059,47.5
149203,19,2,Woman,0,1,100,6,0,1,1,Separated,3,2,1,120,14,0,1,79,79,78.66666667,76,90,NA,269.97,10,0,250,80.53333333,86.4,0,88.66666667,75.88235294,80,62.35294118,85
151246,21,4,Man,0,0,100,6,0,4,4,Together,5,0,0,130,10,0,0,81.33333333,86.5,88,92.33333333,81.33333333,NA,411.46,14.3,4.3,250,85.9,90.855,1,90,78.52941176,77.5,88.82352941,82.5
158198,20,2,Man,0,0,97,6,0,4,4,Together,6,0,0,60,18,0,0,93,94.16666667,82.5,79.16666667,87,80,319.64,10,0,250,87.33333333,91.5,0,94,92.05882353,69.6875,82.05882353,79.375
162187,21,3,Woman,0,0,100,6,0,4,4,Together,7,0,0,120,25,0,0,81.83333333,77.16666667,80.16666667,83.33333333,NA,82,281.58,15,5,250,80.9,87.175,1,92.33333333,70.29411765,82.8125,81.17647059,NA
165680,21,3,Woman,0,0,100,5,0,5,4,Together,7,0,0,240,10.5,0,0,50.33333333,85.5,89.16666667,68.83333333,72,74,304.26,15,5,250,77.9,84.925,1,28,76.76470588,84.6875,63.82352941,57.5
166548,19,2,Woman,1,0,100,6,0,5,5,Together,6,0,0,120,15,0,0,72,80.5,84.66666667,93.5,83,68,346.74,14.9,4.9,250,82.73333333,88.54,1,61.33333333,79.70588235,73.75,93.23529412,83.125
167773,19,1,Woman,1,1,90,6,0,4,4,Together,7,0,0,240,10,0,0,89.33333333,94.5,94,98.66666667,93.66666667,NA,252.32,13,3,250,94.03333333,96.825,1,92.66666667,90.29411765,88.75,100,88.125
172263,19,2,Woman,0,1,100,6,0,5,4,Together,7,0,0,180,40,0,0,90.83333333,79.66666667,92.5,97.33333333,88.33333333,NA,252.52,14.9,4.9,250,89.73333333,93.79,1,95,78.23529412,90.9375,97.64705882,81.875
176796,18,1,Woman,1,1,90,6,0,4,4,Together,7,0,0,180,10,0,0,80.33333333,83.83333333,87.33333333,79.5,77.33333333,70,265.83,10,0,250,81.66666667,87.25,0,64.66666667,77.35294118,78.75,70.88235294,71.25
177840,20,3,Man,0,0,100,6,0,-99,-99,Separated,2,2,1,60,15,0,1,92.66666667,93.16666667,81.83333333,86.5,96.66666667,NA,312.63,14.8,4.8,250,90.16666667,94.105,1,97.33333333,87.94117647,73.4375,92.64705882,93.75
179184,18,2,Woman,0,0,100,6,0,5,4,Together,6,NA,NA,240,10,0,0,80.66666667,74.83333333,82.5,77.66666667,69.66666667,NA,356.27,14.8,4.8,250,77.06666667,84.28,1,74.66666667,76.76470588,77.1875,81.76470588,53.125
184622,21,3,Woman,0,0,90,6,0,4,4,Together,6,0,0,200,15.45,0,0,91.66666667,91,91,88.5,93,86,391.5,10,0,250,91.03333333,94.275,0,90,84.11764706,85.625,84.41176471,90.625
186775,19,2,Man,0,0,95,6,1,3,5,Together,7,2,1,45,84,0,0,80.33333333,74.5,50.83333333,97.33333333,86,NA,278.4,10,0,250,77.8,84.35,0,78.66666667,69.11764706,30.3125,97.64705882,81.25
187418,19,2,Man,0,1,100,5,1,1,1,Together,3,2,1,100,30.3,0,1,94.16666667,85.5,82.83333333,90.66666667,78.33333333,NA,252.28,10,0,250,86.3,90.725,0,89.66666667,85,70.3125,90.58823529,70.625
187671,18,1,Woman,0,0,80,6,0,1,4,Together,6,0,1,0,4,0,0,87,74.16666667,87.83333333,90.33333333,79,NA,350,15,5,250,83.66666667,89.25,1,96.66666667,73.23529412,79.6875,87.64705882,70.625
189428,22,3,Woman,0,0,98,5,0,3,4,Together,6,NA,0,60,19,1,0,86.33333333,88.33333333,87.16666667,95.66666667,98,NA,377.34,14.9,4.9,250,91.1,94.815,1,74,79.41176471,87.1875,92.35294118,96.25
190818,18,1,Woman,0,0,100,6,0,5,5,Together,6,0,0,120,2,0,0,86.66666667,81.33333333,95,95.83333333,88.66666667,NA,251.75,10,0,250,89.5,93.125,0,72.66666667,72.94117647,93.125,95,85
190892,20,3,Woman,0,0,99,6,0,5,5,Together,5,0,0,80,25,0,0,60.66666667,59.5,76.33333333,64,65,56,340.85,15,5,250,65.1,75.325,1,46,37.94117647,69.375,57.64705882,65.625
191876,21,4,Woman,0,0,100,6,1,5,5,Divorced,6,0,0,60,21,0,0,85,97.83333333,88.5,96,89,NA,368.71,15,5,250,91.26666667,94.95,1,71.33333333,96.17647059,87.1875,95.29411765,89.375
193776,19,2,Woman,0,0,100,6,0,4,4,Together,7,0,0,75,6,0,0,94.66666667,97.5,95,98.66666667,94.33333333,NA,380.93,10,0,250,96.03333333,98.025,0,93.33333333,95.58823529,90.625,100,89.375
193857,20,1,Woman,0,1,56,6,NA,5,4,Together,7,0,0,60,11,0,0,75.66666667,77.5,84.5,79.66666667,91.66666667,76,308.61,10,0,250,81.86666667,87.4,0,76.66666667,65,87.1875,82.94117647,95.625
197878,20,3,Woman,0,0,99,6,1,5,4,Separated,5,NA,0,240,17,0,0,92,84,NA,84.83333333,89.66666667,88,275.79,15,5,250,87.7,92.275,1,90.66666667,74.11764706,NA,77.94117647,80.625
202048,19,3,Man,0,0,99,6,0,5,5,Together,7,0,0,240,12,1,0,95,89.5,89.83333333,88.33333333,87.33333333,NA,255.29,10,0,250,90,93.5,0,90,83.82352941,85.9375,79.41176471,76.25
205295,20,1,Woman,1,1,20,1,0,-99,-99,Together,7,NA,NA,360,16,0,1,87.33333333,95.16666667,91,93.66666667,90.33333333,NA,265.59,10,0,250,91.5,94.625,0,78.66666667,91.47058824,83.125,91.17647059,89.375
205809,19,1,Woman,0,0,93,6,0,3,4,Together,7,0,0,90,2,0,0,82,93.83333333,96.16666667,94.66666667,93.66666667,94,299.3,10,0,250,94.46666667,96.85,0,60.66666667,89.11764706,92.8125,92.94117647,91.875
207486,18,1,Man,0,0,97,6,0,5,5,Together,6,0,0,90,10,0,0,95.66666667,92.16666667,95.5,95.66666667,82.25333333,NA,270.16,10,0,250,92.25066667,95.188,0,95.33333333,92.05882353,91.5625,97.05882353,85.46875
208750,20,2,Woman,0,0,100,6,1,4,4,Together,5,0,NA,100,12,0,0,77.66666667,67.33333333,86.33333333,65.33333333,86.66666667,NA,407.08,10,0,250,76.66666667,83.5,0,63.33333333,55.29411765,79.375,63.52941176,86.25
210273,20,3,Woman,0,0,100,6,0,4,4,Together,7,0,0,240,32,0,0,73.33333333,87.5,80,64.33333333,89,NA,246.1,10,0,246.1,78.83333333,84.735,0,64.66666667,92.05882353,76.25,61.76470588,81.875
214276,21,2,Man,1,1,30,3,0,2,3,Together,7,0,0,180,7,0,1,70,80.83333333,54.5,81.66666667,72.5,68,299.39,10,0,250,74.6,81.95,0,56,70.88235294,47.1875,74.70588235,63.4375
215621,21,3,Woman,0,0,85,6,0,5,5,Together,7,0,0,120,32,0,0,NA,65.16666667,72.5,88.33333333,78,74,278.01,10,0,250,75.6,82.7,0,NA,64.41176471,65.9375,84.11764706,81.25
216877,19,1,Other,0,1,99,6,0,4,5,Divorced,1,2,1,180,50,0,0,74,86,87.83333333,75.83333333,75.66666667,76,268.79,10,0,250,80.26666667,86.2,0,54.66666667,83.52941176,88.4375,85.58823529,71.25
218653,19,2,Woman,1,1,60,4,0,-99,4,Divorced,7,0,0,60,8,0,0,89.5,97.33333333,96.16666667,85.33333333,77.66666667,NA,319.69,10,0,250,89.2,92.9,0,91,95.29411765,92.8125,96.47058824,79.375
221844,32,3,Woman,0,0,100,6,0,2,4,Divorced,2,0,1,60,35,1,0,86,75.33333333,80.33333333,85.66666667,73.5,88,274.31,10,0,250,83.06666667,88.3,0,86.66666667,77.64705882,76.875,85.29411765,69.0625
221958,21,3,Woman,0,1,90,5,0,1,1,Together,2,2,1,300,10,0,1,82.16666667,77.66666667,78.33333333,74.33333333,NA,72,278.51,10,0,250,76.9,83.675,0,84.33333333,74.70588235,74.375,62.94117647,NA
223333,23,3,Woman,0,1,100,6,0,2,2,Divorced,7,2,1,500,14,1,1,78.33333333,71,70.66666667,67.33333333,74.33333333,NA,371.15,10,0,250,72.33333333,80.25,0,74,71.17647059,61.25,67.05882353,84.375
224768,19,1,Woman,0,1,80,6,1,NA,NA,Together,3,2,1,60,12,0,NA,62.33333333,53.83333333,55,49.33333333,78.33333333,48,384,15,5,250,59.76666667,71.325,1,53.33333333,49.11764706,53.125,51.76470588,76.875
229553,20,3,Man,1,1,50,5,0,4,4,Divorced,7,0,0,180,10,0,0,83.5,89.5,84,71.33333333,74.83333333,NA,297.21,10,0,250,80.63333333,86.475,0,87,81.47058824,82.5,61.17647059,77.8125
231177,20,3,Man,0,1,100,6,0,4,3,Together,6,1,1,120,12,0,0,84.33333333,90.66666667,91.83333333,74.66666667,83,80,287.3,10,0,250,85.96666667,90.475,0,78.66666667,83.52941176,95.9375,67.05882353,84.375
237582,20,2,Woman,0,1,100,5,0,-99,0,NA,4,2,1,180,20,0,1,70.16666667,73,69.66666667,68,56.83333333,64,371.93,10,0,250,68.96666667,77.725,0,65.66666667,54.70588235,60.625,58.82352941,45.3125
238823,20,3,Man,0,0,100,6,0,4,4,Together,7,NA,NA,120,3,0,0,89.66666667,89,88.33333333,94.66666667,95.66666667,NA,309.14,15,5,250,91.46666667,95.1,1,83.33333333,82.94117647,78.125,92.94117647,91.875
243610,20,1,Woman,1,1,50,3,0,4,5,Divorced,7,NA,NA,60,50,0,0,82.66666667,81.33333333,91.16666667,93.16666667,94.66666667,NA,380.82,15,5,250,88.6,92.95,1,84.66666667,81.17647059,85.9375,90.29411765,90
244223,19,1,Woman,0,0,99,6,0,5,5,Together,7,0,0,470,25,0,0,92,95.33333333,87.16666667,99.5,94.66666667,NA,338.96,15,5,250,93.73333333,96.8,1,92,91.76470588,78.4375,99.11764706,93.75
254596,18,1,Woman,0,0,95,6,0,4,4,Together,6,0,0,180,14,0,0,65.66666667,69.5,73,39,74.66666667,54,367.51,10,0,250,67.36666667,76.525,0,74,62.05882353,58.125,35.88235294,66.25
257545,19,2,Woman,1,1,50,3,0,NA,NA,Together,7,NA,NA,180,-99,0,NA,79.16666667,74.16666667,86.83333333,75,74.66666667,NA,252.8,10,0,250,77.96666667,84.475,0,94.33333333,62.64705882,91.5625,68.82352941,75
259122,22,3,Woman,0,1,100,5,1,1,2,Together,6,2,1,300,10,0,1,79.83333333,64.83333333,89.66666667,78.33333333,76.66666667,NA,255.08,10,0,250,77.86666667,84.4,0,75.66666667,52.05882353,85.625,68.82352941,71.25
265323,19,2,Man,1,0,95,6,0,5,5,Together,7,0,0,30,28,0,0,74.83333333,83.16666667,69.66666667,77.83333333,80,86,365.75,14.9,4.9,250,80.36666667,86.765,1,74.33333333,76.17647059,68.125,75,78.75
266622,24,5,Woman,0,1,100,6,1,1,1,Together,4,2,1,200,5,1,1,77.33333333,87.33333333,92.33333333,72.66666667,84.66666667,78,308.83,10,0,250,83.93333333,88.95,0,74.66666667,77.64705882,NA,NA,NA
266782,18,1,Woman,0,0,100,6,0,5,4,Together,7,0,0,120,8.5,0,0,84.33333333,88.66666667,81.33333333,89,92.33333333,96,302.11,15,5,250,90.06666667,94.05,1,68.66666667,80,78.75,80.58823529,85.625
267132,20,2,Man,0,0,99,6,0,-99,3,Separated,3,NA,1,120,4.5,0,1,63.66666667,68.33333333,89.33333333,49.66666667,76,NA,299.43,10,0,250,69.4,78.05,0,64.66666667,66.47058824,91.25,40.58823529,70
268619,18,1,Woman,0,1,100,6,0,5,4,Together,7,0,NA,120,5.3,0,0,70.5,54,83.33333333,71.83333333,72.66666667,NA,409.98,10,0,250,70.46666667,78.85,0,69,32.94117647,71.25,63.23529412,62.5
270982,19,1,Man,0,1,90,6,0,3,3,Together,7,2,0,20,23,0,1,60.33333333,65.5,77.66666667,56,76,78,391.42,14.8,4.8,250,71.5,80.105,1,32.66666667,59.11764706,78.125,41.17647059,76.25
273032,18,1,Man,0,0,80,6,0,5,4,Together,6,0,0,120,18,0,0,74.66666667,71,71.66666667,78.66666667,58.16666667,NA,248.62,10,0,248.62,70.83333333,78.987,0,79.33333333,61.76470588,60.625,81.17647059,56.5625
277425,18,1,Woman,0,0,100,6,1,-99,2,Single,5,2,1,40,10,0,1,71.33333333,64.5,70.83333333,82,83.33333333,NA,301.26,15,5,250,74.4,82.3,1,50,59.70588235,65.3125,90.58823529,86.25
282568,19,2,Woman,0,0,80,5,0,4,5,Together,6,0,NA,300,21,0,0,95,90.5,99.33333333,96.66666667,94.66666667,NA,358.84,15,5,250,95.23333333,97.925,1,94,83.23529412,98.75,96.47058824,93.75
282874,19,2,Woman,1,0,100,6,0,5,4,Together,7,0,NA,75,15,0,0,80.66666667,96.66666667,93,85.66666667,94,NA,324.64,10,0,250,90,93.5,0,80.66666667,94.11764706,91.875,91.17647059,92.5
288842,19,1,Woman,1,1,70,6,0,4,4,Together,NA,0,0,50,18,0,0,92.66666667,90,93,98.66666667,100,NA,393.29,10,0,250,94.86666667,97.15,0,82,88.23529412,86.875,97.64705882,100
289163,20,2,Woman,1,1,80,4,0,NA,NA,Together,7,NA,NA,240,14,0,NA,79.16666667,80.5,86.16666667,82,84.66666667,NA,250.53,15,5,250,82.5,88.375,1,81,87.94117647,76.5625,84.70588235,90
293634,18,1,Woman,0,0,95,6,1,3,4,Together,3,NA,0,90,12,0,0,70.83333333,80.66666667,74.16666667,83.66666667,81.16666667,64,335.2,10,0,250,78.1,84.575,0,63.66666667,68.23529412,74.0625,84.11764706,79.6875
294860,21,3,Man,0,1,100,6,0,3,2,Together,5,2,1,120,20,0,1,70.16666667,86.66666667,90.16666667,93.33333333,96.33333333,NA,260.45,15,5,250,87.33333333,92,1,57.66666667,84.70588235,89.0625,92.94117647,96.875
297437,18,2,Other,0,0,100,6,1,2,3,Single,3,2,1,100,8,0,1,86.66666667,55.66666667,65.33333333,67,66.66666667,70,314.93,10,0,250,71.13333333,79.35,0,71.33333333,46.47058824,53.75,52.35294118,56.25
298091,19,2,Woman,0,0,100,6,1,-99,3,Single,7,2,1,90,15,0,1,75.33333333,70.66666667,73,76.66666667,70,50,394.68,15,5,250,73.13333333,81.35,1,71.33333333,60,60.625,63.52941176,66.25
298429,18,1,Woman,0,1,98,5,0,1,2,Separated,7,1,NA,163,20,0,1,79.66666667,79.83333333,92.33333333,84.83333333,96,82,382,15,5,250,87,91.75,1,81.33333333,70.29411765,90.625,75.58823529,92.5
307053,18,1,Woman,0,1,85,5,1,1,1,Together,6,2,1,300,15,0,1,46,53.16666667,70.66666667,57,59.66666667,48,375.25,10,0,250,57.7,69.275,0,48,56.17647059,61.25,51.17647059,56.875
309943,20,3,Woman,1,1,50,4,0,-99,-99,Together,7,0,NA,420,30,0,1,82.16666667,90.83333333,89.66666667,84,74,76,250.75,10,0,250,84.53333333,89.4,0,93,83.82352941,94.375,83.52941176,55
316657,19,1,Woman,0,0,100,6,1,1,1,Together,6,2,1,180,28,0,1,88.16666667,78.16666667,91,90.66666667,95,NA,365,14.9,4.9,250,88.6,92.94,1,95,66.17647059,85.625,85.88235294,94.375
316719,20,3,Woman,0,1,90,6,0,4,4,Together,6,0,0,60,15,0,0,95.5,96.66666667,97,97.66666667,97,NA,289.08,10,0,250,96.76666667,98.575,0,95,94.11764706,94.375,98.23529412,94.375
323214,18,1,Woman,0,0,95,6,1,2,2,Together,2,1,NA,180,28,0,1,80.33333333,85.83333333,94.16666667,89.33333333,88.83333333,NA,394,15,5,250,87.7,92.275,1,74.66666667,75,89.0625,85.88235294,85.3125
323859,19,2,Woman,0,0,100,6,0,5,5,Together,6,0,0,100,28,0,0,81.83333333,94.16666667,98,91.33333333,92.66666667,NA,378,15,5,250,91.6,95.2,1,85,92.05882353,96.25,89.41176471,90
324135,19,2,Man,0,1,95,6,0,4,5,Together,7,0,0,120,21,0,0,78.33333333,80.66666667,76.33333333,69.66666667,80.5,NA,313.91,10,0,250,77.1,83.825,0,74.66666667,74.11764706,69.375,73.52941176,76.5625
324553,19,1,Woman,0,0,100,6,NA,2,4,Separated,6,2,0,270,10,0,0,88.66666667,89.66666667,98,96.16666667,90,NA,329.63,10,0,250,92.5,95.375,0,77.33333333,86.47058824,96.25,93.23529412,83.125
326394,20,2,Woman,1,1,100,4,0,2,4,Together,7,NA,0,120,3,0,0,84.83333333,80.66666667,76.83333333,74,NA,68,276.17,5,0,250,76.86666667,83.15,0,84.33333333,70.58823529,67.8125,76.47058824,NA
327020,18,1,Woman,0,0,100,5,0,4,5,Together,7,0,0,120,30,0,0,97.66666667,94.16666667,91.33333333,94.33333333,79.16666667,NA,381.35,10,0,250,91.33333333,94.5,0,95.33333333,89.70588235,90,92.35294118,67.1875
331406,19,2,Other,0,1,100,5,1,1,1,Together,1,2,1,60,-99,0,1,59.16666667,75.33333333,92.16666667,81.66666667,74.5,66,274.5,14.9,4.9,250,77.93333333,84.94,1,39.66666667,70.58823529,92.8125,72.35294118,67.8125
331418,18,1,Woman,1,0,90,6,0,5,4,Together,7,0,0,80,21,0,0,91.16666667,90.33333333,87.16666667,97.66666667,89.33333333,NA,283.22,10,0,250,91.13333333,94.35,0,94.33333333,82.94117647,84.6875,95.88235294,87.5
335736,21,3,Woman,0,1,100,4,NA,2,2,Together,7,2,1,180,33,1,1,NA,70.66666667,81,85.33333333,90.33333333,74,241.58,10,0,241.58,80.26666667,85.358,0,NA,64.70588235,66.875,87.05882353,85.625
337398,20,2,Woman,0,0,95,6,0,4,5,Together,7,NA,0,120,10,0,0,90.33333333,88.33333333,91.75333333,95.33333333,91,NA,277.5,10,0,250,91.35066667,94.513,0,91.33333333,81.76470588,93.28125,94.11764706,90.625
338073,18,1,Woman,0,0,95,6,0,3,1,Together,6,2,1,114,10.2,0,1,65.83333333,63.33333333,67,80.33333333,78.66666667,70,368.9,15,5,250,72.36666667,80.775,1,61.66666667,57.64705882,66.875,77.05882353,77.5
340708,20,2,Woman,1,1,40,3,0,4,4,Together,7,0,0,300,3,0,0,61.33333333,63,56,74.33333333,71,68,372.95,10,0,250,67.53333333,76.65,0,56.66666667,51.17647059,46.25,65.29411765,56.875
341372,18,1,Woman,0,0,98,6,1,4,NA,Together,NA,0,NA,120,20,0,0,78.33333333,86.16666667,84.83333333,90,98.66666667,74,267.11,14.8,4.8,250,87.6,92.18,1,70.66666667,88.52941176,67.8125,94.11764706,93.75
342170,18,1,Woman,0,0,65,4,1,1,3,Together,7,2,0,240,24,0,1,61.66666667,54,70.66666667,75.83333333,58.66666667,72,392.83,14,4,250,67.76666667,77.225,1,49.33333333,36.47058824,73.75,79.70588235,53.75
348376,19,2,Woman,0,0,100,6,0,4,4,Together,6,0,0,120,-99,0,0,72.66666667,85.33333333,83.33333333,76.16666667,59.16666667,NA,251.89,10,0,250,75.33333333,82.5,0,56,76.47058824,73.75,68.52941176,44.6875
348715,19,1,Woman,0,1,90,5,0,2,1,Divorced,2,2,1,60,21,0,1,87.33333333,92,89.5,96.33333333,86,NA,321.64,10,0,250,90.23333333,93.675,0,90.66666667,88.23529412,94.0625,93.52941176,77.5
351711,19,2,Woman,0,0,90,6,0,3,3,Together,7,1,0,100,28,0,1,78,90,91.16666667,94,95.16666667,NA,389,15,5,250,89.66666667,93.75,1,93.33333333,82.35294118,88.4375,95.29411765,90.9375
352138,18,1,Woman,0,1,100,6,0,2,2,Together,7,2,1,90,20,0,1,78.5,72.5,72.83333333,81.33333333,73.16666667,60,364.32,10,0,250,75.66666667,82.75,0,79,62.05882353,71.5625,89.41176471,80.9375
353441,19,2,Woman,0,1,80,6,0,3,2,Together,5,2,1,300,40.5,0,1,72.5,83,91.16666667,68.66666667,74.66666667,78,319.7,14.8,4.8,250,79.86666667,86.38,1,81.66666667,81.76470588,85.9375,49.41176471,85
354907,18,1,Woman,0,0,90,6,0,4,4,Together,7,0,0,60,1.5,0,0,81,86.66666667,96.66666667,93.5,96,NA,307.52,14.9,4.9,250,90.76666667,94.565,1,87.33333333,88.23529412,93.75,90.88235294,92.5
356382,18,1,Woman,0,0,90,4,1,4,2,Separated,6,2,NA,360,35,0,0,54.33333333,78,87,73.5,66.33333333,50,343.93,15,5,250,71.83333333,80.375,1,38.66666667,65.88235294,89.375,57.94117647,60.625
357173,20,3,Man,0,0,95,5,0,4,4,Together,7,0,0,120,16,0,0,88.83333333,95.5,92.16666667,86,84.33333333,NA,361.88,10,0,250,89.36666667,93.025,0,93.66666667,92.05882353,85.3125,75.29411765,78.125
357577,19,2,Woman,0,1,80,1,0,5,5,Divorced,6,NA,NA,2,21,0,0,48.33333333,41.66666667,54.66666667,57.33333333,56.66666667,NA,413.12,15,5,250,51.73333333,65.3,1,38.66666667,21.76470588,40,65.88235294,49.375
362052,20,3,Woman,0,0,95,6,0,5,4,Divorced,7,0,NA,300,40,0,0,63.83333333,63.83333333,78,75.5,80,NA,394,10,0,250,72.23333333,80.175,0,67.66666667,50.29411765,68.75,76.76470588,73.75
364560,21,3,Woman,0,1,100,5,1,3,2,Divorced,3,2,1,240,15,0,1,74,84.33333333,87.66666667,82.66666667,87.66666667,NA,375.86,10,0,250,83.26666667,88.45,0,64.66666667,74.70588235,84.375,87.05882353,80.625
370378,20,1,Woman,1,1,40,NA,NA,NA,NA,Together,NA,NA,NA,180,1.5,0,NA,68,63.83333333,87.83333333,89.66666667,74.5,NA,291.37,15,5,250,76.76666667,84.075,1,56.66666667,55,79.6875,97.05882353,73.4375
370790,18,1,Woman,0,0,100,6,0,5,5,Together,7,0,0,15,30,0,0,91.33333333,96.5,94.83333333,43.33333333,85.66666667,94,337.15,15,5,250,92.46666667,95.85,1,89.33333333,96.17647059,90.3125,2.352941176,73.125
376854,18,1,Woman,0,1,100,6,0,4,2,Together,7,1,0,150,33,0,0,89.66666667,94.66666667,93,96.66666667,88,NA,368.92,15,5,250,92.4,95.8,1,95.33333333,90.58823529,86.875,96.47058824,95
377090,20,3,Man,0,1,100,5,0,3,0,Together,3,2,1,15,7,0,1,88.83333333,89.33333333,97.83333333,94.83333333,93,NA,260.61,10,0,250,92.76666667,95.575,0,93.66666667,83.52941176,98.4375,93.23529412,96.875
378876,19,2,Woman,0,1,90,3,0,4,3,Divorced,4,2,1,300,36,0,0,92.66666667,82,82.66666667,73.33333333,85.33333333,76,295.15,14.9,4.9,250,83.73333333,89.29,1,92,78.82352941,72.5,65.88235294,80
388918,18,1,Woman,0,0,99,6,1,2,1,Together,6,2,NA,300,18,0,1,73,74.33333333,83.16666667,85,84.33333333,76,260.73,15,5,250,80.56666667,86.925,1,76,62.94117647,82.1875,80.58823529,90.625
392325,21,2,Woman,0,0,80,6,0,4,4,Divorced,7,NA,0,10,14,0,0,77.83333333,92,91.33333333,89.33333333,87,NA,272.34,14.9,4.9,250,87.5,92.115,1,88.33333333,88.23529412,88.75,85.88235294,83.125
392584,19,2,Man,0,0,90,5,0,2,3,Together,4,2,1,60,7,0,1,79.66666667,89.16666667,84.66666667,90.66666667,98,NA,349.33,15,5,250,88.43333333,92.825,1,71.33333333,80.88235294,87.5,92.94117647,100
398075,19,2,Woman,0,1,100,6,1,1,2,Together,6,2,1,120,8.66,0,1,66,57.66666667,72.33333333,80.83333333,55.66666667,62,341.92,10,0,250,67.76666667,76.825,0,50.66666667,38.23529412,55.625,83.82352941,49.375
402997,19,2,Woman,0,1,100,6,1,1,2,Divorced,3,2,1,120,8,0,1,98.16666667,88.33333333,96.66666667,93.5,95,NA,382,15,5,250,94.33333333,97.25,1,96.33333333,79.41176471,93.75,93.23529412,96.875
411472,20,2,Woman,0,1,95,4,1,3,1,Divorced,3,2,NA,60,NA,0,1,96,91.33333333,79.16666667,74.33333333,86.83333333,86,292,10,0,250,87.86666667,91.9,0,97.33333333,87.05882353,65.9375,71.17647059,79.0625
411906,19,2,Woman,0,0,100,6,0,4,4,Together,7,NA,0,120,50,0,0,82.33333333,93,90,89.66666667,89.33333333,NA,327.92,10,0,250,88.86666667,92.65,0,84,90,98.75,91.17647059,90
416172,20,3,Woman,0,1,70,5,0,2,2,Together,6,1,1,60,40,0,1,91.66666667,NA,91,78.33333333,85,74,255.65,10,0,250,84,89,0,94,NA,88.125,77.05882353,81.875
422809,20,3,Woman,0,0,100,6,1,4,4,Together,3,1,0,60,7.2,0,0,43.66666667,74.83333333,85.66666667,92.5,77.66666667,54,362,15,5,250,76.93333333,84.2,1,26,66.17647059,75.625,93.82352941,85.625
425200,19,2,Woman,0,0,92,6,0,3,3,Together,7,0,0,420,28,0,1,81.33333333,90.83333333,90.66666667,93,98,NA,393.95,14.9,4.9,250,90.76666667,94.565,1,78.66666667,83.82352941,93.75,90,96.25
426634,21,4,Woman,1,1,44,4,0,4,5,Divorced,4,2,0,120,21.5,1,0,90.16666667,96.83333333,94.5,89.33333333,97.66666667,NA,307.95,10,0,250,93.7,96.275,0,94.33333333,94.41176471,92.1875,83.52941176,95.625
427397,18,1,Other,0,0,97,6,0,-99,5,Together,7,0,NA,180,12,0,0,66.66666667,87.16666667,87.33333333,93.66666667,85,76,259.99,12.5,2.5,250,85.83333333,90.625,1,52.66666667,87.94117647,83.75,91.17647059,86.875
429085,19,2,Woman,0,0,95,6,0,5,5,Together,7,0,0,180,-99,0,0,61.66666667,60.5,79.16666667,71,69.33333333,60,270,14.7,4.7,250,68.33333333,77.72,1,63.33333333,44.41176471,74.6875,72.35294118,71.25
431825,19,2,Woman,0,1,95,6,0,1,1,Together,1,2,1,120,15,0,1,89,79,83,75.66666667,84,82,343.68,14.9,4.9,250,83.4,89.04,1,92.66666667,70,70.625,61.76470588,92.5
437305,18,1,Other,0,0,100,6,1,3,3,Together,7,2,0,180,8,0,1,87.16666667,91.16666667,94.33333333,95.16666667,97.66666667,NA,383.94,10,0,250,93.1,95.825,0,88.33333333,86.76470588,96.875,93.82352941,95.625
439234,20,3,Woman,0,1,90,6,1,1,2,Together,4,2,1,60,62,0,1,74.66666667,83,79.16666667,96.66666667,92.33333333,82,364.77,15,5,250,86.63333333,91.475,1,65.33333333,85.29411765,74.6875,94.11764706,89.375
441521,20,3,Man,0,0,90,6,1,4,4,Together,3,NA,1,120,10,0,0,95.66666667,75,81.16666667,76,82.33333333,84,271.35,15,5,250,83.83333333,89.375,1,91.33333333,61.76470588,75.9375,77.64705882,70.625
444720,19,2,Woman,0,0,100,6,1,5,5,Together,7,0,0,120,30,0,0,92.33333333,92.66666667,87,NA,80,72,268.42,10,0,250,84.8,89.6,0,91.33333333,89.41176471,95.625,NA,73.75
447538,20,3,Woman,0,0,100,6,0,5,5,Together,7,0,0,60,15,0,0,88.5,85.83333333,95.5,87.83333333,95.66666667,NA,277.7,10,5,250,90.66666667,94,1,89,75,91.5625,78.52941176,95.625
448698,18,1,Woman,0,1,100,6,1,1,3,Together,3,2,1,110,8.2,0,1,67,68.66666667,79,73.66666667,62,72,357.26,10,0,250,72.06666667,80.05,0,59.33333333,69.41176471,74.375,66.47058824,53.125
449769,19,2,Woman,0,0,95,6,1,5,3,Divorced,3,0,0,200,12,0,0,64.33333333,85.66666667,87,87.66666667,89.33333333,82,276.98,10,0,250,86.33333333,90.75,0,50.66666667,85.29411765,84.375,82.94117647,87.5
450272,20,3,Woman,0,0,100,6,0,4,4,Together,6,NA,NA,60,4,0,0,89.83333333,91.83333333,95,94.5,96,NA,330,15,5,250,93.43333333,96.575,1,87.66666667,87.94117647,93.125,98.52941176,92.5
451623,20,2,Woman,0,0,97,6,0,4,4,Divorced,7,0,0,80,11,0,0,80,95.83333333,95,82.33333333,95.66666667,NA,317.61,15,5,250,89.76666667,93.825,1,74.66666667,98.52941176,93.125,85.29411765,95.625
453529,18,1,Woman,0,0,100,5,0,5,4,Together,6,0,0,240,-99,0,0,90.66666667,89.33333333,88.66666667,85,86.66666667,88,282,10,0,250,88.66666667,92.5,0,78.66666667,81.17647059,90,86.47058824,78.75
458187,19,2,Man,1,1,40,3,0,1,1,Together,7,1,NA,180,8,0,1,64.83333333,80.16666667,78.66666667,57,80.66666667,NA,262.96,10,0,250,72.26666667,80.2,0,63,75.58823529,65,50,71.25
460606,21,4,Woman,0,0,95,6,NA,4,3,Together,7,0,0,120,8.3,0,0,73.66666667,76.16666667,72.33333333,88.66666667,81.66666667,NA,256.24,10,0,250,78.5,84.875,0,70,70.88235294,73.125,84.70588235,84.375
467652,18,1,Woman,0,1,100,3,1,1,3,Together,6,0,1,120,16,0,1,68.66666667,78.33333333,91.66666667,85.33333333,92.66666667,78,267.46,10,0,250,85.2,89.9,0,76,74.70588235,84.375,76.47058824,93.75
469937,22,4,Woman,0,1,99,6,0,1,1,Together,7,1,0,180,7,0,1,87.66666667,94.16666667,92.5,85.66666667,91.16666667,NA,265.19,10,0,250,90.23333333,93.675,0,79.33333333,89.70588235,92.1875,77.05882353,90.9375
471494,18,2,Woman,0,0,90,6,0,4,4,Together,7,0,NA,3,1.5,0,0,93.33333333,91.83333333,88.33333333,89.33333333,92,NA,264.24,15,5,250,90.96666667,94.725,1,88,93.82352941,83.125,89.41176471,91.25
478268,19,2,Woman,1,1,20,3,0,5,5,Together,7,0,0,200,50,0,0,76.66666667,81.33333333,83.16666667,83.33333333,54.66666667,NA,273.75,10,0,250,75.83333333,82.875,0,72,67.05882353,84.6875,75.29411765,37.5
479550,19,2,Man,0,0,100,6,0,4,4,Together,6,0,0,120,20,0,0,83.83333333,94.66666667,79.16666667,81.33333333,96.33333333,84,251.51,15,5,250,88.03333333,92.525,1,83.66666667,92.94117647,70.9375,82.35294118,96.875
480961,20,3,Woman,0,0,100,6,0,5,5,Divorced,7,NA,NA,120,12,0,0,70.66666667,61,66.16666667,65,69.33333333,70,266.91,10,0,250,68.23333333,77.175,0,65.33333333,65.29411765,54.0625,52.35294118,70
482126,19,2,Woman,0,0,100,6,0,4,4,Together,5,0,NA,60,5,0,0,72,83,79.83333333,87.66666667,81,84,357.24,14.65,4.65,250,83.1,88.79,1,68.66666667,84.11764706,75.9375,85.29411765,83.125
483406,19,2,Woman,0,1,100,6,0,2,2,Together,2,2,1,0,35,0,1,77.33333333,92.83333333,71.5,69.5,77,NA,403.5,10,0,250,77.63333333,84.225,0,62,92.05882353,61.5625,48.52941176,74.375
484728,22,5,Man,0,0,100,6,1,3,3,Together,3,2,0,90,10,0,1,82.66666667,88.5,76.33333333,77.5,79.5,82,253.83,14.9,4.9,250,82.03333333,88.015,1,73.33333333,85.58823529,69.375,60.29411765,69.0625
485565,18,1,Woman,0,0,100,6,0,4,5,Divorced,7,0,0,240,20,0,0,86.66666667,82.16666667,85,87.83333333,94.66666667,78,348.22,15,5,250,87.26666667,91.95,1,72.66666667,80.29411765,78.125,89.11764706,93.75
487505,18,1,Man,0,0,95,6,1,4,5,Together,6,2,0,120,13,1,0,51,64.66666667,66.16666667,65,66.5,NA,361.54,10,0,250,62.66666667,73,0,39.33333333,62.35294118,59.0625,55.88235294,66.5625
488889,20,2,Woman,1,1,50,3,0,4,4,Together,7,0,NA,300,21,0,0,76,68.33333333,78,55,51.16666667,NA,251.93,10,0,250,65.7,75.275,0,82.66666667,62.94117647,71.25,60.58823529,45.9375
494166,20,3,Woman,0,1,75,6,0,-99,4,Divorced,1,2,1,60,-99,1,0,89,77.5,79,91.33333333,87.5,NA,277.19,15,5,250,84.86666667,90.15,1,92.66666667,73.23529412,80.625,91.76470588,87.8125
495024,19,1,Woman,0,0,90,6,0,4,4,Together,6,0,0,300,40,0,0,83.33333333,62,73.33333333,76,83,76,393.12,5,0,250,78.33333333,84.25,0,81.33333333,45.88235294,63.75,76.47058824,81.875
496293,20,2,Woman,0,0,100,6,NA,2,2,Divorced,4,2,1,120,12,0,1,96.33333333,88.66666667,90.5,94.5,90.66666667,NA,322,15,5,250,92.13333333,95.6,1,92.66666667,80,89.6875,90.29411765,86.25
497496,20,3,Woman,0,1,90,5,1,1,1,Divorced,2,2,1,130,30,1,1,68.66666667,76.66666667,76.16666667,54,80.33333333,60,272.76,14.8,4.8,250,72.36666667,80.755,1,55.33333333,75.29411765,70.3125,38.82352941,78.125
499213,19,2,Other,0,0,90,6,1,1,1,Single,2,2,1,120,7,0,1,73.16666667,43.5,58.16666667,79.33333333,69.33333333,48,253.2,15,5,250,65.6,75.7,1,83.66666667,36.76470588,42.8125,72.94117647,53.75
502302,19,2,Woman,0,0,95,6,0,3,3,Divorced,3,1,0,60,40,0,1,93.33333333,72.5,90.16666667,92.33333333,98,NA,405.67,15,5,250,89.26666667,93.45,1,90.66666667,59.70588235,81.5625,88.82352941,100
504530,20,3,Man,0,1,90,6,0,3,3,Together,6,2,1,120,30,1,1,86.83333333,70,78.66666667,87.33333333,83.66666667,70,326.29,15,5,250,81.3,87.475,1,83.66666667,70.58823529,71.25,91.76470588,80.625
505593,18,1,Woman,0,0,95,6,0,5,5,Divorced,7,2,1,230,15,0,0,85.66666667,91.83333333,79.33333333,91.83333333,88,NA,287.58,15,5,250,87.33333333,92,1,72.66666667,87.94117647,71.25,92.64705882,83.75
507880,19,1,Man,0,1,70,6,0,4,4,Together,7,NA,0,70,5,0,0,88.66666667,93.66666667,84.16666667,85.33333333,93,NA,269.71,10,0,250,88.96666667,92.725,0,85.33333333,88.82352941,72.8125,87.05882353,94.375
509369,18,1,Woman,0,1,98,6,0,4,4,Together,7,0,0,150,9,0,0,79.33333333,86.83333333,86.16666667,95.66666667,87.33333333,NA,401.33,10,0,250,87.06666667,91.3,0,72.66666667,79.11764706,81.5625,94.70588235,76.25
515838,21,3,Woman,0,0,95,6,0,2,3,Together,6,NA,1,120,10,0,1,56.66666667,59.33333333,53.5,83.66666667,64.66666667,NA,253.36,15,5,250,63.56666667,74.175,1,60,52.94117647,47.8125,81.76470588,52.5
517181,18,1,Other,0,1,98,6,0,5,5,Together,7,0,0,60,17,0,0,92.66666667,91.5,95.16666667,96,96,NA,292.29,10,0,250,94.26666667,96.7,0,96,90.88235294,93.4375,92.94117647,92.5
518197,19,2,Man,0,0,100,6,0,3,4,Together,6,0,NA,60,14,0,0,82.66666667,86,99,85.33333333,87.5,NA,349.81,15,5,250,88.1,92.575,1,73.33333333,87.05882353,98.125,89.41176471,76.5625
522922,19,2,Woman,0,0,100,5,0,-99,-99,Separated,4,2,1,100,-99,0,1,51.66666667,44.66666667,60.83333333,69,60.83333333,54,363.02,15,5,250,59.26666667,70.95,1,66,35.29411765,60.3125,70,67.8125
530411,18,1,Woman,0,0,100,6,1,4,5,Divorced,5,0,0,90,20.35,0,0,97,92.66666667,97.5,85.66666667,92,94,333.14,10,0,250,94.63333333,96.975,0,97.33333333,87.05882353,97.8125,79.41176471,88.75
533181,42,3,Woman,0,1,50,0,0,5,1,Together,1,1,1,60,10,1,0,52,47.83333333,55.33333333,74,64.33333333,NA,336.75,13.7,3.7,250,58.7,70.395,1,40.66666667,44.41176471,47.5,92.94117647,58.125
535753,20,3,Woman,0,1,70,6,1,4,3,Together,6,0,1,90,8.5,0,0,47.66666667,70,76.66666667,72.33333333,83.5,NA,383.95,15,5,250,70.03333333,79.025,1,35.33333333,55.29411765,70,70,76.5625
543411,20,3,Woman,0,0,100,5,0,5,2,Together,6,0,0,120,25,0,0,83.66666667,83.83333333,88.16666667,90.33333333,79,74,384.69,14.99,4.99,250,85,90.249,1,76.66666667,73.82352941,85.3125,87.64705882,75.625
548019,18,1,Other,0,0,100,6,0,5,4,Together,6,0,1,120,4,0,0,73.5,92.33333333,87.16666667,76.33333333,83.16666667,70,262.63,10,0,250,82.5,87.875,0,63,91.17647059,80.9375,71.17647059,87.1875
550977,18,1,Woman,0,1,85,6,1,2,1,Together,7,2,1,240,42,0,1,51,78,73.33333333,83.83333333,81.5,NA,282.45,10,0,250,73.53333333,81.15,0,50,77.64705882,55,78.52941176,76.5625
553565,19,2,Woman,0,0,100,6,0,2,2,Together,4,0,0,30,15,0,1,76.66666667,84.33333333,86.16666667,89,79,NA,392.04,13.9,3.9,250,83.03333333,88.665,1,65.33333333,93.52941176,79.0625,91.17647059,75.625
556020,18,1,Woman,0,1,85,5,1,1,1,Together,6,2,1,60,30,0,1,74.5,67.66666667,85.33333333,73,74.16666667,66,400,15,5,250,74.93333333,82.7,1,78.33333333,45.29411765,83.75,71.17647059,66.5625
557781,20,2,Other,0,1,100,6,0,4,4,Divorced,6,2,0,360,16,0,0,87.66666667,86.83333333,94,97.33333333,92.66666667,NA,323.8,15,5,250,91.7,95.275,1,92.66666667,82.64705882,91.25,95.29411765,86.25
562399,18,1,Woman,0,0,75,6,0,5,5,Together,7,0,0,240,36,0,0,48.66666667,49.5,56.42,59.66666667,63.83333333,66,305.03,14.8,4.8,250,59.084,70.793,1,18.66666667,29.70588235,33.28125,42.94117647,60.9375
566878,20,3,Man,0,0,100,6,1,4,3,Together,7,NA,1,180,35,1,0,79.5,77.33333333,74.16666667,73.66666667,77.66666667,NA,265.72,14.9,4.9,250,76.46666667,83.84,1,81.66666667,70.58823529,60.3125,64.11764706,65.625
570017,18,1,Woman,0,1,100,6,0,4,5,Together,7,0,0,100,3.5,0,0,92.83333333,91,94.5,95,88.33333333,84,406.75,14.9,4.9,250,92.33333333,95.74,1,94.33333333,84.11764706,92.1875,95.88235294,85.625
570810,20,3,Woman,0,1,100,5,1,1,1,Together,6,2,1,120,10,0,1,69,82.5,82.83333333,79,70,74,307.31,14.9,4.9,250,77.66666667,84.74,1,55.33333333,73.82352941,72.8125,67.64705882,62.5
571323,21,3,Woman,1,1,80,6,0,4,2,Divorced,6,0,0,560,5.33,0,0,81.33333333,71.16666667,72.83333333,66.66666667,49.66666667,NA,250.04,10,0,250,68.33333333,77.25,0,88,56.17647059,67.8125,67.05882353,36.875
574860,21,4,Woman,0,0,95,6,0,4,3,Together,1,0,0,250,20,1,0,77.33333333,87.33333333,87.16666667,84.66666667,92.33333333,NA,278.05,10,0,250,85.76666667,90.325,0,63.33333333,83.52941176,93.4375,89.41176471,93.125
575085,18,1,Man,1,1,20,2,0,4,4,Together,7,NA,NA,300,25,0,0,NA,53,65.33333333,57.33333333,91,52,299.51,10,0,250,63.73333333,73.8,0,NA,34.70588235,58.75,51.76470588,86.875
582644,18,1,Woman,0,0,100,6,0,3,5,Divorced,3,0,1,180,35,0,0,91.5,88.83333333,89.66666667,89,93.66666667,NA,337.75,14.9,4.9,250,90.53333333,94.39,1,95,80.29411765,85.625,86.47058824,95.625
583798,18,1,Woman,0,1,90,6,1,1,1,Separated,3,2,1,0,22,0,1,68.33333333,76.16666667,84,69.83333333,78.16666667,78,344.89,10,0,250,77.23333333,83.925,0,62,70.88235294,81.25,63.23529412,77.8125
585527,20,2,Man,0,0,100,6,0,4,5,Together,6,0,0,45,15,0,0,89.33333333,94.16666667,92.5,92.33333333,97.66666667,NA,385.62,10,0,250,93.2,95.9,0,90.66666667,89.70588235,90.9375,91.17647059,95.625
587423,20,3,Man,0,0,90,4,0,4,4,Divorced,6,0,0,100,20,0,0,76.83333333,75.66666667,91,88.66666667,97,90,315.25,14.9,4.9,250,88.7,93.015,1,81,71.17647059,88.125,87.05882353,94.375
589905,19,1,Other,0,0,100,5,0,4,4,Together,7,2,NA,240,12,0,0,82,92.16666667,86.5,NA,84.33333333,68,341.52,10,0,250,82.6,87.95,0,75.33333333,90.88235294,87.1875,NA,74.375
600034,20,2,Woman,0,0,70,6,1,4,3,Together,7,0,0,30,6,0,0,88.83333333,73.66666667,82.16666667,81.33333333,84.5,88,278.39,10,0,250,84.96666667,89.725,0,82.33333333,53.52941176,69.0625,81.17647059,74.6875
601701,20,3,Woman,0,0,99,5,1,1,2,Separated,3,2,1,200,30,0,1,99.33333333,96.16666667,90.83333333,91,97,NA,371.42,10,0,250,94.86666667,97.15,0,98.66666667,93.23529412,87.8125,90,94.375
603399,19,2,Woman,0,0,100,6,0,4,4,Together,7,0,1,300,35,0,0,64.66666667,54.5,60.83333333,64.66666667,56,NA,389.08,10,0,250,60.13333333,71.1,0,64.66666667,38.52941176,40.3125,54.11764706,62.5
607016,18,1,Woman,0,0,100,6,0,3,3,Divorced,1,2,1,480,15,0,1,67.33333333,69,NA,55.33333333,77.33333333,66,266.08,10,0,250,67,76.25,0,50,53.52941176,NA,44.70588235,78.75
611968,18,1,Woman,0,0,100,6,1,3,5,Divorced,5,0,1,120,18,0,0,53.33333333,77,84,66.33333333,79,66,393.16,10,0,250,74.46666667,81.85,0,30,70,83.75,64.11764706,85.625
613766,18,1,Woman,0,1,100,5,0,5,5,Together,7,0,NA,100,5,0,0,84.66666667,91.33333333,95,94.66666667,95.66666667,NA,310.43,15,5,250,92.26666667,95.7,1,74.66666667,84.70588235,90.625,95.29411765,95.625
620808,18,1,Woman,0,0,97,5,0,3,4,Together,7,0,0,120,14,0,0,86,79.66666667,79.83333333,90.83333333,90.66666667,84,252.75,15,5,250,86.26666667,91.2,1,77.33333333,66.47058824,72.1875,88.52941176,86.25
624947,19,3,Woman,0,1,100,6,1,3,3,Together,2,2,1,30,7,1,1,92,85.33333333,91.83333333,93,72,NA,252.41,10,0,250,86.83333333,91.125,0,88,76.47058824,89.6875,90,58.75
627572,19,2,Woman,0,0,95,NA,1,2,5,Together,6,0,NA,180,15,0,0,60,75.5,88,70,68,68,290.64,14.8,4.8,250,73.9,81.905,1,56,59.11764706,85,62.35294118,61.25
634523,18,1,Woman,0,1,100,4,1,1,1,Together,2,2,0,60,26.66,0,1,85.66666667,76.33333333,71.5,72.33333333,71,74,276.15,10,0,250,75.96666667,82.975,0,91.33333333,58.23529412,66.5625,64.11764706,75.625
635780,20,2,Man,1,1,50,3,0,4,5,Together,6,1,NA,200,12,0,0,52.33333333,70.33333333,63.33333333,71.5,61,50,307.13,15,5,250,63.7,74.275,1,34,58.23529412,56.25,63.82352941,53.125
637438,19,2,Woman,0,0,100,6,0,4,5,Together,7,0,1,120,35,0,0,78.66666667,89.33333333,93.33333333,96.33333333,97,NA,337.19,15,5,250,90.93333333,94.7,1,68.66666667,81.17647059,92.5,95.88235294,98.125
644205,20,3,Woman,0,0,85,5,0,4,2,Divorced,7,2,1,240,20,0,0,74.66666667,70.83333333,71.83333333,75.83333333,82.66666667,82,361.57,14.9,4.9,250,77.4,84.54,1,74.66666667,72.05882353,57.1875,71.47058824,75
646067,18,1,Man,0,0,100,6,1,2,1,Together,3,2,1,300,40,0,1,92.33333333,94.33333333,81.33333333,88.33333333,85.66666667,NA,302.88,14.5,4.5,250,88.4,92.75,1,96.66666667,90,73.75,84.11764706,88.125
646241,18,1,Woman,1,1,35,3,0,5,4,Together,7,0,0,180,30,0,0,71.83333333,67.66666667,89,88.83333333,91,86,406.21,14.9,4.9,250,85.33333333,90.49,1,73,45.29411765,84.375,87.35294118,96.25
649892,20,2,Woman,0,0,98,5,0,5,4,Together,6,0,0,60,7,0,0,76.16666667,76.66666667,67.5,79.33333333,87.66666667,76,309.2,15,5,250,79.16666667,85.875,1,57.66666667,72.94117647,62.8125,72.94117647,84.375
652357,20,3,Woman,0,1,100,6,0,3,4,Together,6,2,1,180,20,0,0,92,77.66666667,78.66666667,86.16666667,83.66666667,NA,287.92,10,0,250,83.63333333,88.725,0,80,78.23529412,68.75,86.17647059,84.375
652942,19,1,Woman,0,1,80,6,0,5,4,Together,7,1,0,90,3,0,0,89,82.66666667,87.83333333,90,86,76,373.83,14.9,4.9,250,87.1,91.815,1,74,80,77.1875,92.94117647,85
657848,20,3,Woman,0,0,100,6,0,4,4,NA,NA,2,NA,120,10,0,0,96.33333333,93.33333333,91.83333333,81.66666667,94,NA,314.83,15,5,250,91.43333333,95.075,1,92.66666667,90.58823529,84.6875,75.88235294,88.75
660431,19,2,Woman,0,0,95,6,0,5,4,Together,7,0,0,60,7,0,0,93,93,77.66666667,92.16666667,85.66666667,NA,359.15,15,5,250,88.3,92.725,1,86,87.64705882,64.375,86.17647059,76.875
664851,19,2,Man,0,0,95,6,0,3,5,Together,7,0,0,120,50,0,0,84.16666667,89.16666667,86.66666667,95,95,NA,321.5,15,5,250,90,94,1,90.33333333,83.23529412,81.25,95.88235294,90.625
666059,19,2,Woman,0,0,100,6,1,1,3,Divorced,5,2,1,360,50,0,1,96.33333333,91.66666667,NA,94,92.5,78,294.28,10,0,250,90.5,93.875,0,86,90,NA,94.11764706,85.9375
669717,19,2,Woman,0,0,100,6,0,4,4,Together,2,NA,1,180,35,0,0,91.33333333,94.33333333,91.33333333,95,92,NA,365.75,14.9,4.9,250,92.8,96.09,1,96.66666667,90,86.25,91.17647059,85
671655,21,3,Woman,0,0,100,6,0,2,2,Together,3,0,0,90,24,1,1,92,81.66666667,89,92.5,95,NA,305.88,10,0,250,90.03333333,93.525,0,77.33333333,73.52941176,79.375,86.76470588,94.375
676026,19,2,Woman,0,0,100,6,0,4,4,Together,7,0,0,60,14,0,0,77,81.5,86.33333333,90,80.66666667,86,264.19,15,5,250,84.9,90.175,1,79.33333333,80.88235294,79.375,84.70588235,75
676277,20,3,Man,0,1,80,6,0,4,5,Together,3,1,1,30,49,1,0,93.16666667,96,88,96.83333333,91,NA,255.47,15,5,250,93,96.25,1,94.33333333,92.94117647,85,99.11764706,86.875
678041,18,1,Woman,1,1,50,4,0,3,3,Together,6,0,0,60,10,0,1,85.33333333,88.5,95.5,87.5,89,NA,406.15,14.9,4.9,250,89.16666667,93.365,1,90.66666667,87.94117647,94.0625,94.41176471,85.625
681486,20,2,Woman,1,1,30,4,0,1,3,Together,7,NA,0,75,35,0,1,68.33333333,84.5,76.5,74.66666667,70.66666667,NA,253.17,10,0,250,74.93333333,82.2,0,70,83.23529412,80.9375,78.82352941,72.5
684227,19,1,Other,0,0,100,6,0,3,4,Together,7,NA,NA,360,7,0,0,93.33333333,81.66666667,87.5,82.83333333,84.66666667,90,388.71,14,4,250,87.66666667,92.15,1,93.33333333,67.64705882,84.0625,77.94117647,82.5
685171,18,1,Woman,0,0,80,6,1,4,3,Together,3,1,0,360,15,0,0,73.83333333,41,70.5,48,57.66666667,66,385.01,10,0,250,63.2,73.4,0,69.66666667,42.94117647,70.9375,37.64705882,49.375
687838,18,1,Woman,0,0,90,6,0,4,3,Together,7,NA,0,420,21,0,0,87.66666667,83.66666667,80.5,88.33333333,86.83333333,80,379.53,10,0,250,85.4,90.05,0,75.33333333,84.11764706,83.4375,92.35294118,79.0625
687844,19,1,Man,0,0,95,6,0,5,4,Together,7,0,0,120,25,0,0,92,89.83333333,88.33333333,90.33333333,91.16666667,NA,285.35,10,0,250,90.33333333,93.75,0,94.66666667,82.05882353,80.625,87.64705882,87.1875
689023,20,2,Woman,0,1,100,6,0,5,4,Together,6,0,0,90,5,0,0,87.33333333,85.66666667,91.33333333,97.5,89.66666667,NA,384.12,15,5,250,90.3,94.225,1,88.66666667,85.29411765,97.5,97.94117647,80.625
690036,20,2,Woman,1,1,20,4,0,5,5,Divorced,7,0,1,120,10,0,0,78.66666667,82.83333333,95.33333333,85.83333333,73.83333333,66,335.14,15,5,250,83.3,88.975,1,69.33333333,74.41176471,93.75,86.76470588,77.1875
690064,19,2,Woman,0,0,100,5,1,0,1,Divorced,1,2,1,4,3,0,1,25.66666667,41.83333333,59.83333333,47.66666667,37.16666667,46,273.29,14.8,4.8,250,46.5,61.355,1,24,29.11764706,48.4375,32.35294118,20.9375
693045,19,2,Woman,0,0,100,6,0,5,2,Together,6,2,0,30,12,0,0,72,76,76.5,79.66666667,77.33333333,NA,354,10,0,250,76.3,83.225,0,59.33333333,77.64705882,69.6875,66.47058824,75
693286,19,1,Woman,1,1,50,6,0,4,4,Together,7,NA,NA,180,14,0,0,89.66666667,95.5,92.5,94.33333333,90.33333333,NA,273.17,10,0,250,92.46666667,95.35,0,90.66666667,92.05882353,94.6875,94.70588235,85.625
700441,19,2,Other,0,0,100,6,1,2,3,Divorced,2,2,1,90,8,0,1,42.66666667,61.16666667,65.5,42.66666667,58.66666667,62,361.4,13.8,3.8,250,58,69.88,1,36,52.64705882,55.3125,40,60
700506,19,2,Woman,0,0,100,6,0,5,5,Together,7,NA,0,45,40,0,0,97.66666667,95.5,91.33333333,94,96.66666667,NA,313.25,14,4,250,95.03333333,97.675,1,95.33333333,92.05882353,86.25,89.41176471,97.5
700670,18,1,Man,0,1,100,6,0,4,4,Together,7,2,0,50,12,0,0,87.66666667,83.83333333,79.83333333,89,79.66666667,84,389.15,15,5,250,84.86666667,90.15,1,82.66666667,77.35294118,70.9375,85.29411765,69.375
706979,19,1,Woman,0,0,100,6,0,4,3,Divorced,6,0,0,90,30,0,0,92.16666667,88,96.66666667,85.66666667,92.66666667,NA,368.61,10,0,250,91.03333333,94.275,0,95,82.35294118,93.75,87.64705882,86.25
708858,20,3,Man,0,0,95,6,1,4,4,Together,6,0,NA,180,4,1,0,49.33333333,70.33333333,47.5,76.33333333,67.66666667,NA,396.09,15,5,250,62.23333333,73.175,1,30,58.23529412,35.3125,65.29411765,58.125
710489,18,1,Man,0,0,100,6,1,2,3,Single,6,2,1,30,12,1,1,83.5,79.5,83.33333333,81.33333333,66,NA,250.63,10,0,250,78.73333333,85.05,0,89.66666667,70.88235294,73.75,76.47058824,61.25
711072,20,3,Woman,0,0,100,6,0,5,5,Together,5,NA,NA,120,8,0,0,79,84.5,65.5,80.66666667,87.25333333,64,369.2,14.9,4.9,250,79.384,86.028,1,70.66666667,77.35294118,70.3125,88.23529412,84.84375
711460,18,1,Woman,1,1,15,4,0,5,4,Together,7,0,0,150,49,0,0,96,84.5,79.33333333,84.83333333,81,72,342,10,0,250,85.13333333,89.85,0,96,87.94117647,68.75,77.94117647,83.125
714184,19,1,Woman,0,0,100,5,0,5,5,Together,7,0,0,200,18,0,0,84,84.66666667,90.33333333,86.33333333,100,NA,259.5,15,5,250,89.06666667,93.3,1,71.33333333,75.29411765,81.875,80.58823529,100
720723,22,4,Man,0,0,98,6,1,4,4,Together,6,0,0,480,25,0,0,81.83333333,71.33333333,86.33333333,87.66666667,76.66666667,NA,253.96,10,0,250,80.76666667,86.575,0,87.66666667,49.41176471,84.375,87.64705882,82.5
721359,19,2,Woman,0,1,80,6,0,4,4,NA,6,NA,NA,120,35,0,0,80,96.83333333,86,93.66666667,89.66666667,NA,299.74,10,0,250,89.23333333,92.925,0,64,96.76470588,78.75,91.17647059,80.625
736790,20,3,Woman,0,0,100,6,0,1,3,Together,2,2,1,120,20,0,1,90,91.5,89.83333333,90.66666667,90.33333333,NA,331.31,10,0,250,90.46666667,93.85,0,77.33333333,85,83.4375,97.64705882,85.625
737475,19,3,Woman,1,1,40,4,0,4,4,Together,7,0,0,300,56,0,0,93.66666667,91.33333333,91,95.66666667,95.66666667,NA,301.46,10,0,250,93.46666667,96.1,0,95.33333333,87.05882353,88.125,92.35294118,95.625
738332,20,2,Woman,0,1,100,6,1,NA,NA,Together,6,2,1,120,16,0,NA,53,82.33333333,61,68,62,56,337.56,10,0,250,65.86666667,75.4,0,37.33333333,84.11764706,61.875,57.64705882,58.125
739544,18,1,Woman,0,0,100,6,0,4,5,Together,7,0,0,240,30,0,0,93.33333333,92,97.83333333,99.33333333,98,NA,343.95,10,0,250,96.1,98.075,0,86.66666667,88.82352941,95.9375,98.82352941,96.25
741913,20,3,Woman,0,0,85,6,1,3,2,Together,7,2,0,120,6.5,0,1,67,71.83333333,61.66666667,68,NA,60,282.05,10,0,250,65.7,75.275,0,61.33333333,76.17647059,60.625,68.23529412,NA
742806,18,1,Woman,0,0,100,6,1,4,5,Together,3,2,1,120,15,0,0,77.33333333,89.83333333,86.83333333,86,81.33333333,NA,288.86,10,0,250,84.26666667,89.2,0,87.33333333,90.29411765,85.3125,80,88.125
743784,18,1,Woman,0,0,85,6,0,4,5,Together,6,0,0,60,25,0,0,96.16666667,95.33333333,92.66666667,97.66666667,98.33333333,NA,357.85,15,5,250,96.03333333,98.525,1,93.66666667,91.76470588,96.25,95.88235294,96.875
745036,21,3,Man,1,1,80,3,0,4,5,Together,4,0,0,90,8,0,0,71.83333333,74.66666667,73.5,54,57,66,209.56,10,0,209.56,68.6,73.406,0,78.33333333,55.29411765,64.0625,47.05882353,59.375
749976,20,3,Man,0,0,92,6,1,5,5,Together,7,0,0,180,4,0,0,92,97.16666667,99,96.66666667,95,NA,276.81,10,0,250,95.96666667,97.975,0,92,95,98.125,94.11764706,90.625
751500,19,1,Woman,0,1,99,6,0,2,2,Separated,7,1,1,1.83,4,0,1,88.66666667,80.66666667,88.5,82.33333333,76.33333333,82,398,15,5,250,84.43333333,89.825,1,89.33333333,80,80.9375,85.29411765,66.875
752695,18,1,Woman,0,NA,90,3,0,-99,2,Divorced,4,2,1,600,25,0,1,40.66666667,49.5,53.16666667,38,51,38,342.17,14,4,250,46.46666667,61.25,1,33.33333333,33.82352941,42.1875,17.64705882,47.5
755204,21,3,Woman,0,1,95,6,1,2,3,Separated,7,2,1,30,55,0,1,76.66666667,70.16666667,91.33333333,94.33333333,79.66666667,72,309.34,15,5,250,82.8,88.6,1,78,57.94117647,91.25,92.35294118,92.5
756469,20,3,Man,1,1,30,3,0,5,4,Together,6,0,0,200,14,0,0,75,75.33333333,83.66666667,80.5,92,94,392.92,14.7,4.7,250,85.1,90.295,1,57.33333333,64.70588235,86.875,77.35294118,92.5
758184,20,3,Woman,0,0,100,6,0,4,5,Together,6,0,1,120,3,0,0,86.66666667,88.16666667,92.83333333,89.66666667,NA,72,284.46,10,0,250,85.86666667,90.4,0,70.66666667,83.82352941,91.5625,86.47058824,NA
760890,19,2,Woman,0,1,95,6,1,1,2,Together,6,2,NA,60,6,0,1,60,54.33333333,50,60.66666667,48,54,244.93,10,0,244.93,55.8,67.343,0,44,44.70588235,42.5,60,51.25
761526,20,3,Woman,0,1,95,6,1,-99,1,Separated,1,2,0,120,20,0,1,72.33333333,81.83333333,87.83333333,80.66666667,84,72,345.42,10,0,250,81.33333333,87,0,89.33333333,67.94117647,79.6875,80,80
766084,20,2,Man,0,1,100,6,0,2,2,Single,7,0,0,90,6.5,0,1,77,73.66666667,76.66666667,83.16666667,71.16666667,NA,251.62,14.9,4.9,250,76.33333333,83.74,1,60.66666667,77.05882353,66.25,75,63.4375
766313,20,2,Woman,0,1,99,6,1,1,1,Divorced,3,2,1,180,10,0,1,53.33333333,56.5,80.66666667,83.33333333,86.33333333,64,300.55,14.8,4.8,250,74.16666667,82.105,1,54.66666667,40.88235294,72.5,75.29411765,85.625
768234,21,3,Man,1,1,95,6,0,4,4,Single,5,0,NA,2,3.3,0,0,80.33333333,81.5,87.66666667,86,95,80,377.75,15,5,250,86.1,91.075,1,62.66666667,67.35294118,81.875,80,90.625
769753,19,2,Woman,0,0,100,6,0,5,5,Together,7,0,0,120,-99,0,0,88,76.33333333,76,88,87.33333333,86,258.32,15,5,250,85.13333333,90.35,1,93.33333333,70,77.5,89.41176471,82.5
776985,19,1,Woman,1,1,20,3,0,5,5,Together,7,0,0,300,5,0,0,70.33333333,77.16666667,82.33333333,88,81.66666667,78,379.84,10,0,250,81.43333333,87.075,0,70,71.47058824,74.375,88.23529412,81.875
780541,19,2,Woman,1,1,10,3,0,5,4,Together,7,NA,NA,240,50,0,0,89,95.83333333,89.5,86.5,83.66666667,NA,355.87,15,5,250,88.9,93.175,1,96.66666667,92.64705882,85.3125,91.47058824,91.875
780786,20,2,Woman,0,1,90,6,0,4,4,Together,7,0,0,180,40,0,0,76.33333333,89,NA,95.33333333,83,72,339.12,14.8,4.8,250,83.13333333,88.83,1,64,85.29411765,NA,91.76470588,81.875
781433,18,1,Man,0,0,100,5,1,0,1,Together,5,2,1,90,4,0,1,40,43.16666667,78.33333333,56.66666667,67.66666667,52,330.42,10,0,250,59.56666667,70.675,0,29.33333333,30.29411765,65.625,30.58823529,61.875
783300,18,1,Woman,0,0,100,5,0,2,3,Together,6,0,0,180,14,0,1,77.66666667,88.5,96.16666667,92.33333333,92.66666667,NA,263.9,10,0,250,89.46666667,93.1,0,66,79.70588235,92.8125,97.05882353,93.75
783735,18,1,Woman,0,1,100,3,1,0,0,Together,3,1,1,40,12,0,1,89.66666667,74.66666667,85.83333333,77.33333333,94.5,64,382.51,15,5,250,84.4,89.8,1,90,76.47058824,85.9375,78.82352941,89.6875
785013,20,3,Man,0,0,99,6,0,5,5,Divorced,6,0,0,90,22,0,0,92,78.33333333,80,90.33333333,84.83333333,NA,294.99,15,5,250,85.1,90.325,1,85.33333333,66.47058824,76.25,85.29411765,86.5625
785732,18,1,Woman,0,1,78,5,1,1,2,Divorced,7,2,0,18,15,0,1,65.33333333,55,81.33333333,74.33333333,53,50,374.75,10,0,250,65.8,75.35,0,63.33333333,57.05882353,85,78.23529412,60.625
787036,20,3,Woman,0,0,100,6,0,5,2,Divorced,1,2,1,60,35,0,0,85.33333333,NA,59,80,75,78,263.99,10,0,250,75.46666667,82.6,0,86.66666667,NA,40.625,80,75.625
789124,18,1,NA,0,0,90,6,0,5,4,Divorced,4,0,0,50,42,0,0,NA,96.66666667,97.66666667,94,92.33333333,100,388.5,15,5,250,96.13333333,98.6,1,NA,94.11764706,95.625,94.11764706,85.625
789281,19,1,Woman,1,1,90,5,0,4,4,Together,7,0,NA,360,35,0,0,88.66666667,82.66666667,95.5,97.66666667,96,NA,372.2,15,5,250,92.1,95.575,1,92,69.41176471,96.5625,95.88235294,98.75
796147,18,1,Woman,0,0,100,6,0,5,4,Together,7,0,0,105,33,0,0,92,94.5,81,88.66666667,98,NA,394,15,5,250,90.83333333,94.625,1,92,90.29411765,69.375,82.35294118,96.25
796250,19,2,Woman,0,1,100,6,0,3,3,Divorced,7,NA,1,300,30,0,1,87.83333333,87.5,89.16666667,90.66666667,80.66666667,NA,375.76,10,0,250,87.16666667,91.375,0,91.66666667,86.17647059,82.1875,91.76470588,78.75
802566,18,1,Woman,1,0,100,6,0,4,2,Together,7,0,0,30,6,0,0,61.5,50,76,64,79.33333333,84,294.23,10,0,250,72.96666667,80.725,0,65.66666667,41.17647059,60,68.23529412,86.25
802878,18,1,Woman,0,0,100,5,1,1,1,Together,3,2,1,120,3,0,1,81,84.66666667,78.66666667,80.33333333,89,88,395.5,15,5,250,84.6,89.95,1,86.66666667,72.94117647,68.75,70,79.375
805091,19,2,Woman,0,0,90,6,0,4,4,Together,6,2,1,180,4,0,0,65.33333333,73.5,68,68.5,92.66666667,68,253.41,14.9,4.9,250,74.13333333,82.09,1,56.66666667,69.70588235,62.5,70.29411765,86.25
805441,20,2,Woman,0,1,90,6,NA,2,1,Together,6,0,1,20,7.5,0,1,47.66666667,42.66666667,78.16666667,62.33333333,68.83333333,40,386.74,14.7,4.7,250,59.93333333,71.42,1,49.33333333,30.58823529,75.3125,57.05882353,62.8125
806039,18,1,Woman,0,1,95,4,1,3,1,Together,5,2,1,180,25,0,1,77.66666667,79.83333333,88.33333333,84,91.33333333,72,361.5,15,5,250,84.23333333,89.675,1,92,75,83.125,78.82352941,93.75
808560,21,3,Woman,1,0,100,6,0,4,5,Together,7,0,0,240,60,0,0,68.33333333,77.5,85.5,85.33333333,78.83333333,72,269.63,15,5,250,79.83333333,86.375,1,58,62.64705882,77.8125,83.52941176,75.3125
819135,20,3,Woman,0,0,95,6,0,3,3,Together,6,0,1,60,15,0,1,90.66666667,99.16666667,87.5,95,97,NA,353.67,15,5,250,93.86666667,96.9,1,76,98.52941176,82.8125,91.17647059,94.375
819157,19,2,Woman,0,0,90,6,0,5,5,Together,6,0,0,180,20,0,0,77.33333333,82.83333333,71.16666667,88,88.66666667,82,281.54,15,5,250,83.76666667,89.325,1,58.66666667,81.47058824,75.9375,95.29411765,90
819274,20,2,Man,0,1,95,6,0,5,4,Together,7,NA,0,200,32,0,0,93.66666667,85.66666667,86.66666667,82.33333333,88,86,332.63,15,5,250,88,92.5,1,87.33333333,74.70588235,83.75,81.76470588,83.125
820879,20,3,Man,0,0,90,6,0,4,3,Separated,4,1,0,16,25,0,0,84.33333333,83,67.83333333,91.33333333,90.66666667,82,273.38,15,5,250,86.26666667,91.2,1,75.33333333,75.88235294,64.6875,89.41176471,93.75
820889,20,3,Woman,0,1,90,6,1,-99,-99,Together,6,2,1,120,-99,0,1,73.33333333,73.16666667,80.83333333,95.33333333,82,NA,276.97,10,0,250,80.93333333,86.7,0,54.66666667,58.52941176,71.5625,96.47058824,93.75
822014,18,1,Woman,1,1,50,3,0,5,5,Together,6,0,0,240,50,0,0,80.66666667,85.66666667,95.16666667,77.33333333,84.66666667,84,343.49,15,5,250,86.03333333,91.025,1,85.33333333,79.41176471,93.4375,77.64705882,75
825875,19,2,Woman,0,1,90,6,1,-99,4,Divorced,3,2,1,90,20,0,0,82.66666667,92.66666667,83.16666667,96.16666667,86,NA,331.56,14.9,4.9,250,88.13333333,92.59,1,73.33333333,90.58823529,84.6875,93.23529412,96.25
829820,18,1,Man,0,0,80,5,0,4,4,Together,6,0,NA,100,4,0,0,94.66666667,86,93.66666667,95.33333333,92.66666667,NA,289.33,15,5,250,92.46666667,95.85,1,89.33333333,75.29411765,93.125,94.11764706,90
832756,19,2,Other,0,1,100,6,1,-99,4,Separated,3,2,1,180,42,0,0,84.33333333,82,81.66666667,77.83333333,79.16666667,NA,256.4,10,0,250,81,86.75,0,84.66666667,76.47058824,70.625,82.05882353,75.9375
839513,18,1,Woman,0,0,95,6,0,5,5,Together,3,1,0,180,10,0,0,78.66666667,89.33333333,86.83333333,NA,73,66,234.12,10,0,234.12,78.76666667,83.487,0,72.66666667,89.41176471,86.5625,NA,80.625
840463,18,1,Woman,0,0,100,4,0,-99,-99,Together,7,NA,0,120,20,0,1,73.83333333,81.16666667,78.33333333,87.33333333,92.66666667,78,340.29,14.9,4.9,250,83.5,89.115,1,78.33333333,66.76470588,69.375,80,86.25
840605,20,2,Woman,0,1,95,6,0,5,5,Together,7,0,0,95,14,0,0,45.66666667,59.33333333,64.83333333,54.66666667,73.66666667,72,317.47,14.9,4.9,250,64.9,75.165,1,21.33333333,57.64705882,72.8125,49.41176471,69.375
841390,20,2,Woman,0,0,100,6,0,1,1,Together,6,2,1,300,50,0,1,77,94.16666667,85.33333333,80.5,91.33333333,NA,390,15,5,250,85.66666667,90.75,1,68,94.41176471,81.25,72.64705882,87.5
841731,20,2,Man,0,0,100,6,0,3,3,Together,6,NA,NA,180,15,0,1,78.66666667,79.5,94.66666667,68.33333333,83.5,82,257.87,10,0,250,83.66666667,88.75,0,62.66666667,63.82352941,92.5,54.70588235,72.8125
843368,18,1,Woman,0,1,95,5,1,1,1,Together,6,2,NA,90,28,0,1,64.33333333,79.83333333,82.33333333,87,87.33333333,66,336.05,10,0,250,80.5,86.375,0,58,75,73.125,91.17647059,83.75
843535,21,3,Woman,0,0,100,5,1,2,2,Together,6,2,1,120,11,0,1,56.66666667,80.66666667,77.66666667,66,77.66666667,68,266.08,10,0,250,74,81.5,0,52.66666667,68.23529412,63.125,64.70588235,61.875
844340,21,3,Woman,0,1,90,4,1,1,1,Together,4,2,1,240,2.12,0,1,67.5,NA,55.83333333,58.66666667,51.5,46,320.28,10,0,250,55.9,67.925,0,71.66666667,NA,52.1875,58.82352941,54.0625
846172,21,4,Woman,0,0,100,6,1,1,2,Together,7,2,NA,360,10,0,1,54.33333333,51.66666667,66.66666667,62,67,NA,269.33,15,5,250,60.33333333,71.75,1,42,40.58823529,61.25,40,66.875
849990,18,1,Woman,0,1,100,5,0,1,1,Together,5,2,1,180,9.33,0,1,62,66.5,86.83333333,70,70.66666667,NA,287.97,10,0,250,71.2,79.4,0,54,60.88235294,89.0625,84.70588235,81.25
850435,19,1,Woman,0,1,90,6,1,-99,1,Divorced,7,NA,1,720,30,0,1,91.66666667,89,91,96,88.33333333,NA,357.84,15,5,250,91.2,94.9,1,91.33333333,88.82352941,85.625,97.64705882,96.875
850664,20,3,Man,0,0,90,6,0,5,4,Together,6,0,0,180,20,1,0,52.33333333,63,65.5,61.66666667,63.66666667,52,368.37,15,5,250,61.23333333,72.425,1,46.66666667,48.82352941,60.3125,45.29411765,49.375
852104,19,2,Woman,0,1,95,5,0,2,2,Together,6,0,0,180,12,0,1,89.33333333,94.83333333,94.33333333,90.66666667,76.33333333,NA,344.57,15,5,250,89.1,93.325,1,82.66666667,90.88235294,91.875,94.11764706,78.125
859374,20,1,Man,1,1,50,6,0,2,3,Together,7,0,0,100,5,0,1,88.66666667,81.66666667,87.33333333,90.66666667,98.33333333,NA,256.06,15,5,250,89.33333333,93.5,1,92,72.35294118,93.75,83.52941176,96.875
861674,19,2,Woman,0,0,100,6,0,4,5,Together,7,0,0,360,24,0,0,93.33333333,71.66666667,87.66666667,86.83333333,91.33333333,80,295.86,15,5,250,87.83333333,92.375,1,90,66.47058824,84.375,87.35294118,87.5
861958,20,3,Man,0,0,95,6,1,4,4,Together,6,0,0,180,12,0,0,79.33333333,72.83333333,84.83333333,90.66666667,79.83333333,NA,315.43,14.9,4.9,250,81.5,87.615,1,82.66666667,61.47058824,87.8125,90.58823529,89.6875
862239,21,3,Woman,0,1,80,4,1,1,1,Together,5,2,1,5,7.98,0,1,49.33333333,70.83333333,70.66666667,74.66666667,71,72,297.15,10,0,250,71.83333333,79.875,0,46.66666667,50.88235294,63.75,62.35294118,75
862880,19,1,Woman,0,1,100,6,0,1,-99,Together,7,0,0,1200,0.83,0,1,87,85.33333333,69.83333333,NA,75.5,82,251.14,10,0,250,79.93333333,85.95,0,78,79.41176471,63.4375,NA,75.3125
863048,22,4,Man,0,0,95,6,0,NA,NA,Divorced,NA,2,1,60,35,0,NA,86,91.66666667,90.83333333,68.83333333,84.83333333,74,267.24,10,0,250,85.46666667,90.1,0,78.66666667,85.29411765,82.8125,61.47058824,79.0625
863598,20,2,Woman,0,0,100,5,0,4,4,Together,6,2,1,60,8.4,0,0,NA,73.83333333,96.5,96,86.16666667,72,398,15,5,250,84.9,90.175,1,NA,58.52941176,93.4375,97.64705882,85.3125
863924,19,2,Man,0,0,95,6,0,5,5,Together,7,0,0,60,10,0,0,89.5,89.16666667,94,90.16666667,95.66666667,NA,352.11,15,5,250,91.7,95.275,1,85.66666667,89.11764706,91.25,92.05882353,95.625
864689,19,2,Woman,0,0,70,6,1,3,4,Separated,6,2,1,200,20,0,0,90,87.33333333,91.83333333,91.66666667,88.66666667,NA,332.32,10,0,250,89.9,93.425,0,82.66666667,77.64705882,87.1875,85.29411765,82.5
868090,21,3,Woman,0,0,100,6,0,4,2,Divorced,7,0,NA,60,8,0,0,78.83333333,71,58.33333333,69.33333333,62.83333333,NA,255.76,10,0,250,68.06666667,77.05,0,85,51.17647059,60.625,70.58823529,65.3125
868195,18,1,Woman,0,0,100,6,0,5,5,Together,7,0,0,60,-99,0,0,95.66666667,95.83333333,97.16666667,98.5,97,NA,354.64,15,5,250,96.83333333,99.125,1,91.33333333,92.64705882,97.1875,97.35294118,94.375
868406,22,3,Woman,0,1,100,6,1,3,3,Together,7,1,NA,300,12,1,1,73.66666667,86.66666667,79.5,74.16666667,76,NA,365.83,10,0,250,78,84.5,0,74,78.82352941,75.3125,67.35294118,68.75
873291,20,3,Woman,0,1,99,5,0,5,5,Separated,5,0,NA,30,48,0,0,93.5,85,86.83333333,98.66666667,92.66666667,NA,256.39,15,5,250,91.33333333,95,1,95,75.88235294,86.5625,97.64705882,90
877109,18,1,Woman,0,1,95,5,1,2,1,Together,2,2,1,30,15,0,1,82.5,81.83333333,90.83333333,96.5,87.66666667,NA,389.7,15,5,250,87.86666667,92.4,1,81,84.41176471,87.8125,96.17647059,84.375
877146,21,2,Woman,1,1,65,4,0,5,2,Together,7,0,0,400,2.6,0,0,66.66666667,75,68.66666667,70.33333333,65.66666667,NA,362,10,0,250,69.26666667,77.95,0,73.33333333,68.82352941,55,58.23529412,64.375
878824,19,2,Woman,0,0,98,6,0,3,3,Together,7,NA,0,60,74,0,1,89.5,72,NA,92.16666667,93,90,320.73,14.9,4.9,250,87.33333333,91.99,1,93,50.58823529,NA,90.88235294,86.875
878864,18,1,Man,0,0,95,6,0,4,5,Together,6,NA,0,60,6,0,0,85.33333333,71,75.16666667,91.66666667,88.5,NA,269.63,10,0,250,82.33333333,87.75,0,74,59.41176471,67.1875,95.88235294,87.1875
879263,21,3,Woman,0,1,85,5,0,4,4,Together,6,2,0,80,2,1,0,73,88.5,86.83333333,88.66666667,79.5,84,360.82,10,0,250,85.5,90.125,0,72.66666667,82.05882353,82.8125,89.41176471,80.3125
882657,20,2,Man,0,0,95,5,0,4,4,Divorced,6,1,1,120,4.5,0,0,69,64.66666667,80.33333333,71,63.66666667,48,257.65,10,0,250,69.73333333,78.3,0,63.33333333,50.58823529,74.375,59.41176471,56.875
882737,18,1,Woman,0,0,99,6,0,1,3,NA,1,2,1,90,1.33,0,1,NA,57,54.83333333,74,52.5,62,344.7,14.8,4.8,250,60.06666667,71.53,1,NA,52.94117647,26.5625,75.29411765,45.9375
883903,20,3,Man,0,1,100,6,1,3,3,Separated,2,2,1,5,40,1,1,86.66666667,77.5,89.33333333,87.5,95.66666667,80,267.76,14.9,4.9,250,87.83333333,92.365,1,85.33333333,74.41176471,85,88.52941176,98.125
889441,19,2,Woman,0,0,100,6,0,3,5,Separated,5,2,1,240,3,0,0,60.66666667,36.66666667,69,63,68,NA,302.56,10,0,250,59.46666667,70.6,0,37.33333333,27.05882353,65.625,70,79.375
891202,18,1,Other,0,0,90,6,0,5,4,Together,7,NA,NA,60,6,0,0,86,93.5,91.83333333,94.66666667,93.66666667,NA,311.79,14.9,4.9,250,91.93333333,95.44,1,90,90.88235294,89.6875,92.94117647,91.875
893307,20,2,Man,0,0,98,6,0,4,4,Together,6,0,0,60,20,0,0,92.66666667,97.66666667,99.33333333,99,100,NA,293.63,10,0,250,97.73333333,99.3,0,86.66666667,95.88235294,98.75,98.23529412,100
903345,19,1,Woman,0,1,85,6,1,1,1,Together,1,2,1,200,20,0,1,75.5,69,63.16666667,77.33333333,69.5,66,308.71,10,0,250,71.46666667,79.6,0,77.66666667,67.64705882,50.9375,77.64705882,61.5625
907662,20,2,Woman,0,1,80,6,0,3,2,Together,2,2,1,2,5,0,1,57,67.33333333,69.16666667,56.33333333,77.66666667,40,373.5,10,0,250,65.5,75.125,0,42.66666667,52.94117647,50.9375,50,68.125
907718,18,1,Woman,1,1,80,6,0,4,5,Together,7,0,0,240,40,0,0,91.66666667,92.16666667,94.83333333,88,99.83333333,NA,318.45,14.9,4.9,250,93.3,96.465,1,76.66666667,86.17647059,90.3125,83.52941176,99.6875
909875,21,3,Man,0,0,100,6,0,4,4,Together,6,0,0,45,9,1,0,80.66666667,87.5,84,82.83333333,85.66666667,88,255.49,15,5,250,85.6,90.7,1,84,77.94117647,70,74.41176471,84.375
912689,20,3,Woman,0,0,100,6,1,5,4,Together,5,0,0,60,25,1,0,74.83333333,77,66.66666667,73.33333333,73,78,297.76,10,0,250,75.23333333,82.425,0,69,75.88235294,47.5,63.52941176,59.375
914016,20,3,Woman,0,0,50,6,0,2,1,Together,7,2,1,200,14,0,1,63,72.66666667,68.5,72.5,57.33333333,64,270.33,10,0,250,68.13333333,77.1,0,76.66666667,76.47058824,72.1875,75,57.5
917655,18,1,Woman,0,0,100,6,0,5,4,Divorced,7,0,0,225,38,0,0,82.16666667,87,90.33333333,97.33333333,79.66666667,76,351.41,15,5,250,87.3,91.975,1,78.33333333,77.05882353,89.375,97.64705882,86.875
919266,20,2,Woman,0,0,100,5,1,1,1,Together,3,2,1,180,30,0,1,74.66666667,79.33333333,61.16666667,63.33333333,73,82,353.81,15,5,250,74.46666667,82.35,1,61.33333333,88.23529412,53.4375,64.70588235,71.875
920586,19,2,Woman,1,1,30,3,0,4,4,Together,7,NA,NA,200,4,0,0,NA,44.83333333,73.5,59,77.33333333,66,317.78,10,0,250,64.13333333,74.1,0,NA,19.11764706,56.5625,44.11764706,73.125
925742,18,1,Man,0,0,100,6,0,4,5,Together,7,0,0,120,10,0,0,75.16666667,91.33333333,84,93.16666667,82.33333333,80,250.81,5,0,250,86.16666667,90.125,0,67,87.05882353,76.25,90.29411765,81.875
927645,19,2,Man,0,0,100,6,1,4,4,Together,6,2,NA,120,8,0,0,68.33333333,64.33333333,87.66666667,69,79.66666667,54,264.95,10,0,250,73.8,81.35,0,56,53.52941176,88.125,67.64705882,86.875
928498,19,2,Woman,1,0,90,6,1,5,5,Together,7,NA,0,160,42,0,0,89.33333333,69.5,89.66666667,76.16666667,75.33333333,78,260.18,10,0,250,81.7,87.275,0,82.66666667,56.76470588,85.625,74.41176471,61.25
929062,20,2,Man,0,0,100,6,0,4,5,Together,7,2,0,180,12,0,0,91.33333333,97,95,89.83333333,94.66666667,NA,256.48,10,0,250,93.56666667,96.175,0,90,94.70588235,90.625,92.64705882,90
930504,21,3,Woman,1,1,99,6,NA,5,4,Together,7,0,NA,60,10,0,0,73.33333333,85.66666667,90.66666667,83,82.33333333,NA,396,14.8,4.8,250,83,88.73,1,69.33333333,86.47058824,85,77.05882353,81.875
935965,19,2,Woman,0,1,95,6,0,NA,NA,Divorced,7,2,1,120,25,0,NA,74.33333333,73.83333333,84.66666667,63.66666667,84.33333333,74,346.14,10,0,250,78.23333333,84.675,0,68.66666667,62.05882353,76.25,50,88.125
936273,20,3,Woman,0,0,100,6,0,5,5,Together,7,0,0,287,12,0,0,84,65,88,85.16666667,87.66666667,NA,330.88,10,0,250,81.96666667,87.475,0,84,54.70588235,80,76.17647059,88.125
936964,18,1,Woman,0,0,99,6,0,4,4,Together,7,0,0,30,80.2,0,0,55.33333333,82.5,85.33333333,77.16666667,81.33333333,82,409.33,14.3,4.3,250,81.66666667,87.68,1,38.66666667,71.47058824,86.25,78.52941176,68.75
937053,18,1,Woman,0,0,100,6,1,4,4,Together,6,NA,1,120,21,0,0,92.33333333,92,90,94.33333333,98.33333333,NA,368.51,10,0,250,93.4,96.05,0,82,85.88235294,87.5,98.23529412,96.875
938861,18,1,Woman,0,NA,90,6,0,5,4,Together,7,0,0,250,20.6,0,0,79.33333333,78.33333333,82,96.66666667,89,76,253.09,15,5,250,85.06666667,90.3,1,78.66666667,67.64705882,82.5,94.11764706,94.375
939066,19,2,Man,0,0,100,6,0,4,4,Together,6,NA,0,60,7,0,0,79.66666667,78.5,84.33333333,95.33333333,91.33333333,NA,308.46,10,0,250,85.83333333,90.375,0,74,67.94117647,73.125,100,95
946128,20,3,Woman,0,0,95,6,1,2,3,NA,2,2,1,300,32,0,1,92,76.33333333,88,91.33333333,89.66666667,86,360.23,10,0,250,89.4,93.05,0,80,64.11764706,77.5,89.41176471,84.375
947959,19,2,Woman,1,1,50,3,0,3,3,Together,6,NA,NA,120,21,0,1,63,65.33333333,76,67.66666667,70.66666667,74,397.69,14.6,4.6,250,70.73333333,79.51,1,40.66666667,60,66.25,52.35294118,61.25
951938,21,3,Woman,0,0,90,6,0,5,3,Together,7,0,0,240,20,0,0,86.66666667,86.66666667,90.83333333,87.33333333,89.16666667,NA,262.6,10,0,250,88.13333333,92.1,0,73.33333333,78.82352941,82.8125,82.35294118,87.1875
955242,19,2,Woman,0,1,80,5,1,2,1,Divorced,4,2,1,90,30.5,0,1,97.66666667,95.83333333,96,91.66666667,89,96,389.83,10,0,250,95.43333333,97.575,0,95.33333333,95,92.5,87.64705882,94.375
957708,18,1,Woman,0,0,90,6,0,4,4,Together,6,0,0,180,23,0,0,87,84.66666667,90.83333333,85.66666667,81.83333333,78,343.46,15,5,250,86,91,1,77.33333333,75.29411765,90.3125,85.29411765,79.6875
958843,20,3,Woman,0,0,90,6,0,4,4,Together,6,NA,0,30,12,1,0,69,58.5,61,63.66666667,64.66666667,NA,387.75,15,5,250,63.36666667,74.025,1,52,55,61.875,73.52941176,68.75
962814,22,4,Woman,0,1,97,3,1,1,1,Together,5,2,NA,240,32,1,1,36.33333333,42.66666667,31.33333333,53.66666667,51.16666667,48,258.16,10,0,250,46.36666667,60.775,0,20,35.29411765,27.5,51.17647059,54.0625
967176,20,2,Woman,0,0,80,6,0,4,3,Together,6,0,0,60,-99,0,0,81,94.66666667,82.33333333,95.66666667,95,NA,392.74,15,5,250,89.73333333,93.8,1,84.66666667,90.58823529,69.375,94.70588235,94.375
970240,19,2,Man,0,0,95,6,0,5,5,Together,7,0,0,180,20,0,0,90.66666667,93,85.83333333,88.33333333,86,NA,251.42,15,5,250,88.76666667,93.075,1,95.33333333,87.64705882,84.6875,84.11764706,81.25
972609,18,1,Woman,0,1,60,6,1,2,2,Together,6,2,1,120,40,0,1,33,79.16666667,72.33333333,77,79,50,413.5,14.8,4.8,250,71.5,80.105,1,23.33333333,73.82352941,54.375,71.17647059,89.375
975639,18,1,Woman,0,1,100,6,1,1,1,Together,3,2,1,350,-99,0,1,68.16666667,72.33333333,76.33333333,74.66666667,77.66666667,72,316.66,10,0,250,74.6,81.95,0,79,61.76470588,70.625,71.76470588,73.125
976464,21,3,Woman,0,0,100,6,1,4,1,Separated,5,2,1,10,40,0,0,93.66666667,83.16666667,89.16666667,83.5,NA,68,219.11,15,5,219.11,83.5,86.036,1,80.66666667,76.17647059,84.6875,77.94117647,NA
978499,19,2,Woman,0,0,100,6,1,3,5,Together,6,0,0,180,8,0,0,67.66666667,76.66666667,78.66666667,71,79.66666667,64,273.55,10,0,250,74.73333333,82.05,0,60.66666667,63.52941176,67.5,70,65.625
980127,20,3,Woman,0,0,100,6,0,1,3,Together,6,0,0,45,10,0,1,85.66666667,78.16666667,93.33333333,85.5,83.66666667,NA,301.47,15,5,250,85.26666667,90.45,1,80.66666667,63.82352941,93.75,93.23529412,76.875
980134,19,2,Woman,0,0,100,6,0,4,5,Divorced,6,0,0,90,10,0,0,95.66666667,94.33333333,90.5,98.66666667,98.66666667,NA,366,10,0,250,95.56666667,97.675,0,95.33333333,90,82.1875,97.64705882,97.5
980357,20,2,Woman,1,1,75,6,1,5,4,Separated,7,NA,1,100,9,0,0,75.33333333,65.33333333,NA,84.66666667,77.66666667,84,261.86,5,0,250,77.4,83.55,0,64.66666667,68.23529412,NA,75.29411765,85.625
980472,20,3,Man,0,0,90,6,1,0,0,Together,5,2,1,50,5,0,1,84.33333333,83.83333333,85.5,89.33333333,88,NA,252,15,5,250,86.2,91.15,1,94,76.17647059,84.0625,85.88235294,92.5
980587,18,1,Woman,0,0,100,6,0,3,4,Together,7,0,0,90,21,0,0,91.83333333,95,91.5,92,90.66666667,NA,389.29,10,0,250,92.2,95.15,0,95,91.17647059,95.3125,96.47058824,86.25
987447,18,1,Other,0,0,99,6,0,4,4,Together,6,2,0,240,10,0,0,87,92,96.16666667,92.83333333,95.33333333,NA,279.79,15,5,250,92.66666667,96,1,79.33333333,92.94117647,92.8125,87.35294118,95
992103,22,5,Man,0,1,100,6,0,2,0,Separated,7,2,1,60,20,1,1,80,90.16666667,91.33333333,95.33333333,86.66666667,NA,283.04,15,5,250,88.7,93.025,1,71.33333333,82.64705882,92.5,94.11764706,78.75
992343,22,4,Woman,0,1,100,6,1,1,1,Together,1,2,1,300,3,0,1,42.66666667,45.66666667,NA,37.66666667,52.66666667,54,346.14,10,0,250,46.53333333,60.9,0,43.33333333,37.05882353,NA,8.823529412,58.75
993306,23,5,Woman,0,1,50,4,1,1,2,Together,3,2,1,40,10,0,1,68,61.83333333,65,74.33333333,72,NA,364.62,15,5,250,68.23333333,77.675,1,69.33333333,56.17647059,69.375,66.47058824,70
999023,19,2,Woman,0,0,100,6,1,3,4,Together,6,0,0,300,30,0,0,84,77.66666667,85.33333333,91.5,85,74,270.2,10,0,250,84.7,89.525,0,85.33333333,82.94117647,78.75,87.35294118,75.625
