"anon_id","exam1","exam2","exam3","exam4","exam5","exam6","prep_p_raw","extra_credit","e_correct","p_p_final","exam_total","final_grade","opt_in"
364560,74,84.3333333333333,87.6666666666667,82.6666666666667,87.6666666666667,NA,375.86,10,0,250,83.2666666666667,88.45,0
781336,94.8333333333333,95,94.1666666666667,99.3333333333333,100,NA,311.94,10,0,250,96.6666666666667,98.5,0
266622,77.3333333333333,87.3333333333333,92.3333333333333,72.6666666666667,84.6666666666667,78,308.83,10,0,250,83.9333333333333,88.95,0
684227,93.3333333333333,81.6666666666667,87.5,82.8333333333333,84.6666666666667,90,388.71,14,4,250,87.6666666666667,92.15,1
268619,70.5,54,83.3333333333333,71.8333333333333,72.6666666666667,NA,409.98,10,0,250,70.4666666666667,78.85,0
566878,79.5,77.3333333333333,74.1666666666667,73.6666666666667,77.6666666666667,NA,265.72,14.9,4.9,250,76.4666666666667,83.84,1
624947,92,85.3333333333333,91.8333333333333,93,72,NA,252.41,10,0,250,86.8333333333333,91.125,0
175573,71.6666666666667,71.8333333333333,80.3333333333333,84.5,72.6666666666667,NA,342.46,10,0,250,76.2,83.15,0
453529,90.6666666666667,89.3333333333333,88.6666666666667,85,86.6666666666667,88,282,10,0,250,88.6666666666667,92.5,0
370790,91.3333333333333,96.5,94.8333333333333,43.3333333333333,85.6666666666667,94,337.15,15,5,250,92.4666666666667,95.85,1
993306,68,61.8333333333333,65,74.3333333333333,72,NA,364.62,15,5,250,68.2333333333333,77.675,1
590181,56.5,49.3333333333333,56.3333333333333,48.8333333333333,NA,44,227.94,10,0,227.94,51,62.044,0
958843,69,58.5,61,63.6666666666667,64.6666666666667,NA,387.75,15,5,250,63.3666666666667,74.025,1
687940,74.5,80.6666666666667,74.3333333333333,81.3333333333333,72.1666666666667,NA,252.42,0,0,250,76.6,82.45,0
338114,NA,40.8333333333333,NA,NA,NA,NA,130.2,10,0,130.2,8.16666666666667,20.145,0
607045,83,76.3333333333333,86.3333333333333,89.3333333333333,79.8333333333333,90,350.42,10,5,250,85.7,90.275,1
402997,98.1666666666667,88.3333333333333,96.6666666666667,93.5,95,NA,382,15,5,250,94.3333333333333,97.25,1
282874,80.6666666666667,96.6666666666667,93,85.6666666666667,94,NA,324.64,10,0,250,90,93.5,0
832756,84.3333333333333,82,81.6666666666667,77.8333333333333,79.1666666666667,NA,256.4,10,0,250,81,86.75,0
796147,92,94.5,81,88.6666666666667,98,NA,394,15,5,250,90.8333333333333,94.625,1
128016,58.8333333333333,68.8333333333333,75.1666666666667,36.3333333333333,65,68,263.86,14.75,4.75,250,67.1666666666667,76.85,1
780541,89,95.8333333333333,89.5,86.5,83.6666666666667,NA,355.87,15,5,250,88.9,93.175,1
158549,70.1666666666667,74.6666666666667,70.6666666666667,64.5,80,76,286.01,5,0,250,74.3,81.225,0
693045,72,76,76.5,79.6666666666667,77.3333333333333,NA,354,10,0,250,76.3,83.225,0
819274,93.6666666666667,85.6666666666667,86.6666666666667,82.3333333333333,88,86,332.63,15,5,250,88,92.5,1
583798,68.3333333333333,76.1666666666667,84,69.8333333333333,78.1666666666667,78,344.89,10,0,250,77.2333333333333,83.925,0
557781,87.6666666666667,86.8333333333333,94,97.3333333333333,92.6666666666667,NA,323.8,15,5,250,91.7,95.275,1
117848,72.3333333333333,71.6666666666667,90.6666666666667,74.3333333333333,70,NA,268.39,14.6,4.6,250,75.8,83.31,1
919266,74.6666666666667,79.3333333333333,61.1666666666667,63.3333333333333,73,82,353.81,15,5,250,74.4666666666667,82.35,1
142556,84,79.8333333333333,73.8333333333333,84.8333333333333,86,84,344.97,10,0,250,83.7333333333333,88.8,0
822752,77.6666666666667,82.1666666666667,83.6666666666667,86.6666666666667,93.3333333333333,NA,280.52,0,0,250,84.7,88.525,0
209254,42.3333333333333,60.3333333333333,74.6666666666667,72.3333333333333,77.6666666666667,62,253.61,5,0,250,69.4,77.55,0
920816,75,72.6666666666667,81,NA,63,NA,281.71,10,0,250,58.3333333333333,69.75,0
327020,97.6666666666667,94.1666666666667,91.3333333333333,94.3333333333333,79.1666666666667,NA,381.35,10,0,250,91.3333333333333,94.5,0
720723,81.8333333333333,71.3333333333333,86.3333333333333,87.6666666666667,76.6666666666667,NA,253.96,10,0,250,80.7666666666667,86.575,0
361425,94.6666666666667,96.8333333333333,93.3333333333333,95.3333333333333,89.6666666666667,NA,412.95,14.8,4.8,250,93.9666666666667,96.955,1
695840,69.6666666666667,66.3333333333333,71.3333333333333,65,84.1666666666667,82,280.17,10,0,250,74.7,82.025,0
883903,86.6666666666667,77.5,89.3333333333333,87.5,95.6666666666667,80,267.76,14.9,4.9,250,87.8333333333333,92.365,1
151246,81.3333333333333,86.5,88,92.3333333333333,81.3333333333333,NA,411.46,14.3,4.3,250,85.9,90.855,1
574860,77.3333333333333,87.3333333333333,87.1666666666667,84.6666666666667,92.3333333333333,NA,278.05,10,0,250,85.7666666666667,90.325,0
666059,96.3333333333333,91.6666666666667,NA,94,92.5,78,294.28,10,0,250,90.5,93.875,0
965522,74,82.5,56.1666666666667,85.5,86.8333333333333,NA,263.97,5,0,250,77,83.25,0
238823,89.6666666666667,89,88.3333333333333,94.6666666666667,95.6666666666667,NA,309.14,15,5,250,91.4666666666667,95.1,1
975639,68.1666666666667,72.3333333333333,76.3333333333333,74.6666666666667,77.6666666666667,72,316.66,10,0,250,74.6,81.95,0
957708,87,84.6666666666667,90.8333333333333,85.6666666666667,81.8333333333333,78,343.46,15,5,250,86,91,1
143458,39.3333333333333,53.1666666666667,82.5,80,78.3333333333333,64,315,14.9,4.9,250,71.6,80.19,1
307053,46,53.1666666666667,70.6666666666667,57,59.6666666666667,48,375.25,10,0,250,57.7,69.275,0
607016,67.3333333333333,69,NA,55.3333333333333,77.3333333333333,66,266.08,10,0,250,67,76.25,0
448698,67,68.6666666666667,79,73.6666666666667,62,72,357.26,10,0,250,72.0666666666667,80.05,0
690064,25.6666666666667,41.8333333333333,59.8333333333333,47.6666666666667,37.1666666666667,46,273.29,14.8,4.8,250,46.5,61.355,1
189428,86.3333333333333,88.3333333333333,87.1666666666667,95.6666666666667,98,NA,377.34,14.9,4.9,250,91.1,94.815,1
737475,93.6666666666667,91.3333333333333,91,95.6666666666667,95.6666666666667,NA,301.46,10,0,250,93.4666666666667,96.1,0
917655,82.1666666666667,87,90.3333333333333,97.3333333333333,79.6666666666667,76,351.41,15,5,250,87.3,91.975,1
208750,77.6666666666667,67.3333333333333,86.3333333333333,65.3333333333333,86.6666666666667,NA,407.08,10,0,250,76.6666666666667,83.5,0
187671,87,74.1666666666667,87.8333333333333,90.3333333333333,79,NA,350,15,5,250,83.6666666666667,89.25,1
243610,82.6666666666667,81.3333333333333,91.1666666666667,93.1666666666667,94.6666666666667,NA,380.82,15,5,250,88.6,92.95,1
411472,96,91.3333333333333,79.1666666666667,74.3333333333333,86.8333333333333,86,292,10,0,250,87.8666666666667,91.9,0
109338,87.3333333333333,78.3333333333333,90.6666666666667,89.6666666666667,96.3333333333333,NA,375.46,14.9,4.9,250,88.4666666666667,92.84,1
970613,60.3333333333333,96.3333333333333,91.3333333333333,95.3333333333333,88,84,233.45,5,0,233.45,91,92.095,0
617396,88.3333333333333,94.3333333333333,88,95,81.3333333333333,NA,385.63,10,0,250,89.4,93.05,0
582644,91.5,88.8333333333333,89.6666666666667,89,93.6666666666667,NA,337.75,14.9,4.9,250,90.5333333333333,94.39,1
886232,64.6666666666667,67.6666666666667,76.1666666666667,52.3333333333333,73,74,261.08,5,0,250,71.1,78.825,0
553565,76.6666666666667,84.3333333333333,86.1666666666667,89,79,NA,392.04,13.9,3.9,250,83.0333333333333,88.665,1
401033,NA,NA,NA,NA,NA,NA,22.5,0,0,22.5,0,2.25,0
352012,85.3333333333333,72.1666666666667,86,94.3333333333333,99,NA,279.65,15,5,250,87.3666666666667,92.025,1
340708,61.3333333333333,63,56,74.3333333333333,71,68,372.95,10,0,250,67.5333333333333,76.65,0
893307,92.6666666666667,97.6666666666667,99.3333333333333,99,100,NA,293.63,10,0,250,97.7333333333333,99.3,0
742806,77.3333333333333,89.8333333333333,86.8333333333333,86,81.3333333333333,NA,288.86,10,0,250,84.2666666666667,89.2,0
687838,87.6666666666667,83.6666666666667,80.5,88.3333333333333,86.8333333333333,80,379.53,10,0,250,85.4,90.05,0
787036,85.3333333333333,NA,59,80,75,78,263.99,10,0,250,75.4666666666667,82.6,0
162187,81.8333333333333,77.1666666666667,80.1666666666667,83.3333333333333,NA,82,281.58,15,5,250,80.9,87.175,1
863048,86,91.6666666666667,90.8333333333333,68.8333333333333,84.8333333333333,74,267.24,10,0,250,85.4666666666667,90.1,0
354057,97,92.8333333333333,95.3333333333333,98,NA,94,255.68,0,0,250,95.4333333333333,96.575,0
427397,66.6666666666667,87.1666666666667,87.3333333333333,93.6666666666667,85,76,259.99,12.5,2.5,250,85.8333333333333,90.625,1
600034,88.8333333333333,73.6666666666667,82.1666666666667,81.3333333333333,84.5,88,278.39,10,0,250,84.9666666666667,89.725,0
316657,88.1666666666667,78.1666666666667,91,90.6666666666667,95,NA,365,14.9,4.9,250,88.6,92.94,1
244223,92,95.3333333333333,87.1666666666667,99.5,94.6666666666667,NA,338.96,15,5,250,93.7333333333333,96.8,1
937053,92.3333333333333,92,90,94.3333333333333,98.3333333333333,NA,368.51,10,0,250,93.4,96.05,0
634523,85.6666666666667,76.3333333333333,71.5,72.3333333333333,71,74,276.15,10,0,250,75.9666666666667,82.975,0
535753,47.6666666666667,70,76.6666666666667,72.3333333333333,83.5,NA,383.95,15,5,250,70.0333333333333,79.025,1
309943,82.1666666666667,90.8333333333333,89.6666666666667,84,74,76,250.75,10,0,250,84.5333333333333,89.4,0
517181,92.6666666666667,91.5,95.1666666666667,96,96,NA,292.29,10,0,250,94.2666666666667,96.7,0
351711,78,90,91.1666666666667,94,95.1666666666667,NA,389,15,5,250,89.6666666666667,93.75,1
460606,73.6666666666667,76.1666666666667,72.3333333333333,88.6666666666667,81.6666666666667,NA,256.24,10,0,250,78.5,84.875,0
962814,36.3333333333333,42.6666666666667,31.3333333333333,53.6666666666667,51.1666666666667,48,258.16,10,0,250,46.3666666666667,60.775,0
107302,63.6666666666667,69,72.8333333333333,58.3333333333333,64.1666666666667,NA,345.93,10,0,250,65.6,75.2,0
282568,95,90.5,99.3333333333333,96.6666666666667,94.6666666666667,NA,358.84,15,5,250,95.2333333333333,97.925,1
749976,92,97.1666666666667,99,96.6666666666667,95,NA,276.81,10,0,250,95.9666666666667,97.975,0
866180,62.5,68.6666666666667,63,72.6666666666667,66.5866666666667,NA,250.09,0,0,250,66.684,75.013,0
820879,84.3333333333333,83,67.8333333333333,91.3333333333333,90.6666666666667,82,273.38,15,5,250,86.2666666666667,91.2,1
388918,73,74.3333333333333,83.1666666666667,85,84.3333333333333,76,260.73,15,5,250,80.5666666666667,86.925,1
426634,90.1666666666667,96.8333333333333,94.5,89.3333333333333,97.6666666666667,NA,307.95,10,0,250,93.7,96.275,0
550977,51,78,73.3333333333333,83.8333333333333,81.5,NA,282.45,10,0,250,73.5333333333333,81.15,0
124704,59.3333333333333,81.1666666666667,84.6666666666667,64.3333333333333,81.1666666666667,NA,302.82,10,0,250,74.1333333333333,81.6,0
165680,50.3333333333333,85.5,89.1666666666667,68.8333333333333,72,74,304.26,15,5,250,77.9,84.925,1
186775,80.3333333333333,74.5,50.8333333333333,97.3333333333333,86,NA,278.4,10,0,250,77.8,84.35,0
444720,92.3333333333333,92.6666666666667,87,NA,80,72,268.42,10,0,250,84.8,89.6,0
840605,45.6666666666667,59.3333333333333,64.8333333333333,54.6666666666667,73.6666666666667,72,317.47,14.9,4.9,250,64.9,75.165,1
980472,84.3333333333333,83.8333333333333,85.5,89.3333333333333,88,NA,252,15,5,250,86.2,91.15,1
676026,77,81.5,86.3333333333333,90,80.6666666666667,86,264.19,15,5,250,84.9,90.175,1
819157,77.3333333333333,82.8333333333333,71.1666666666667,88,88.6666666666667,82,281.54,15,5,250,83.7666666666667,89.325,1
741913,67,71.8333333333333,61.6666666666667,68,NA,60,282.05,10,0,250,65.7,75.275,0
941242,81.1666666666667,80.6666666666667,93,94.3333333333333,92.3333333333333,86,323.38,5,5,250,89.3666666666667,92.525,1
571323,81.3333333333333,71.1666666666667,72.8333333333333,66.6666666666667,49.6666666666667,NA,250.04,10,0,250,68.3333333333333,77.25,0
789281,88.6666666666667,82.6666666666667,95.5,97.6666666666667,96,NA,372.2,15,5,250,92.1,95.575,1
100124,66.3333333333333,73.1666666666667,56.8333333333333,56,69.5,58,354.4,10,0,250,64.7666666666667,74.575,0
313801,62.8333333333333,73.3333333333333,68,65.8333333333333,68.5,56,340.24,8.9,3.9,250,67.7,76.665,1
439234,74.6666666666667,83,79.1666666666667,96.6666666666667,92.3333333333333,82,364.77,15,5,250,86.6333333333333,91.475,1
693286,89.6666666666667,95.5,92.5,94.3333333333333,90.3333333333333,NA,273.17,10,0,250,92.4666666666667,95.35,0
297437,86.6666666666667,55.6666666666667,65.3333333333333,67,66.6666666666667,70,314.93,10,0,250,71.1333333333333,79.35,0
224768,62.3333333333333,53.8333333333333,55,49.3333333333333,78.3333333333333,48,384,15,5,250,59.7666666666667,71.325,1
708858,49.3333333333333,70.3333333333333,47.5,76.3333333333333,67.6666666666667,NA,396.09,15,5,250,62.2333333333333,73.175,1
873291,93.5,85,86.8333333333333,98.6666666666667,92.6666666666667,NA,256.39,15,5,250,91.3333333333333,95,1
464491,90.3333333333333,61.1666666666667,61.3333333333333,NA,NA,NA,220.18,5,0,220.18,42.5666666666667,54.443,0
843368,64.3333333333333,79.8333333333333,82.3333333333333,87,87.3333333333333,66,336.05,10,0,250,80.5,86.375,0
496293,96.3333333333333,88.6666666666667,90.5,94.5,90.6666666666667,NA,322,15,5,250,92.1333333333333,95.6,1
494166,89,77.5,79,91.3333333333333,87.5,NA,277.19,15,5,250,84.8666666666667,90.15,1
134149,87.1666666666667,79,78.6666666666667,94,NA,88,217.03,5,0,217.03,85.3666666666667,86.228,0
806967,94,94.6666666666667,91.8333333333333,86.6666666666667,96.6666666666667,NA,373.21,5,0,250,92.7666666666667,95.075,0
357577,48.3333333333333,41.6666666666667,54.6666666666667,57.3333333333333,56.6666666666667,NA,413.12,15,5,250,51.7333333333333,65.3,1
184622,91.6666666666667,91,91,88.5,93,86,391.5,10,0,250,91.0333333333333,94.275,0
882657,69,64.6666666666667,80.3333333333333,71,63.6666666666667,48,257.65,10,0,250,69.7333333333333,78.3,0
676794,53.1666666666667,NA,75.3333333333333,61.3333333333333,69,64,81.85,0,0,81.85,64.5666666666667,56.61,0
509369,79.3333333333333,86.8333333333333,86.1666666666667,95.6666666666667,87.3333333333333,NA,401.33,10,0,250,87.0666666666667,91.3,0
139950,48.6666666666667,83.3333333333333,78.8333333333333,82.6666666666667,85.6666666666667,74,321.45,15,5,250,80.9,87.175,1
294860,70.1666666666667,86.6666666666667,90.1666666666667,93.3333333333333,96.3333333333333,NA,260.45,15,5,250,87.3333333333333,92,1
478268,76.6666666666667,81.3333333333333,83.1666666666667,83.3333333333333,54.6666666666667,NA,273.75,10,0,250,75.8333333333333,82.875,0
769753,88,76.3333333333333,76,88,87.3333333333333,86,258.32,15,5,250,85.1333333333333,90.35,1
846172,54.3333333333333,51.6666666666667,66.6666666666667,62,67,NA,269.33,15,5,250,60.3333333333333,71.75,1
124193,87,88.1666666666667,92.3333333333333,76.6666666666667,91.6666666666667,82,288.46,10,0,250,88.2333333333333,92.175,0
392325,77.8333333333333,92,91.3333333333333,89.3333333333333,87,NA,272.34,14.9,4.9,250,87.5,92.115,1
676277,93.1666666666667,96,88,96.8333333333333,91,NA,255.47,15,5,250,93,96.25,1
850664,52.3333333333333,63,65.5,61.6666666666667,63.6666666666667,52,368.37,15,5,250,61.2333333333333,72.425,1
976464,93.6666666666667,83.1666666666667,89.1666666666667,83.5,NA,68,219.11,15,5,219.11,83.5,86.036,1
207486,95.6666666666667,92.1666666666667,95.5,95.6666666666667,82.2533333333333,NA,270.16,10,0,250,92.2506666666667,95.188,0
618706,89.6666666666667,87.5,91.8333333333333,99.1666666666667,89,NA,308.52,10,0,250,91.4333333333333,94.575,0
992103,80,90.1666666666667,91.3333333333333,95.3333333333333,86.6666666666667,NA,283.04,15,5,250,88.7,93.025,1
293634,70.8333333333333,80.6666666666667,74.1666666666667,83.6666666666667,81.1666666666667,64,335.2,10,0,250,78.1,84.575,0
518197,82.6666666666667,86,99,85.3333333333333,87.5,NA,349.81,15,5,250,88.1,92.575,1
324135,78.3333333333333,80.6666666666667,76.3333333333333,69.6666666666667,80.5,NA,313.91,10,0,250,77.1,83.825,0
289163,79.1666666666667,80.5,86.1666666666667,82,84.6666666666667,NA,250.53,15,5,250,82.5,88.375,1
548019,73.5,92.3333333333333,87.1666666666667,76.3333333333333,83.1666666666667,70,262.63,10,0,250,82.5,87.875,0
447538,88.5,85.8333333333333,95.5,87.8333333333333,95.6666666666667,NA,277.7,10,5,250,90.6666666666667,94,1
808560,68.3333333333333,77.5,85.5,85.3333333333333,78.8333333333333,72,269.63,15,5,250,79.8333333333333,86.375,1
761526,72.3333333333333,81.8333333333333,87.8333333333333,80.6666666666667,84,72,345.42,10,0,250,81.3333333333333,87,0
766313,53.3333333333333,56.5,80.6666666666667,83.3333333333333,86.3333333333333,64,300.55,14.8,4.8,250,74.1666666666667,82.105,1
919451,60.6666666666667,73,79,83,NA,72,199.66,15,5,199.66,73.5333333333333,76.616,1
972609,33,79.1666666666667,72.3333333333333,77,79,50,413.5,14.8,4.8,250,71.5,80.105,1
861958,79.3333333333333,72.8333333333333,84.8333333333333,90.6666666666667,79.8333333333333,NA,315.43,14.9,4.9,250,81.5,87.615,1
411906,82.3333333333333,93,90,89.6666666666667,89.3333333333333,NA,327.92,10,0,250,88.8666666666667,92.65,0
925742,75.1666666666667,91.3333333333333,84,93.1666666666667,82.3333333333333,80,250.81,5,0,250,86.1666666666667,90.125,0
819135,90.6666666666667,99.1666666666667,87.5,95,97,NA,353.67,15,5,250,93.8666666666667,96.9,1
891202,86,93.5,91.8333333333333,94.6666666666667,93.6666666666667,NA,311.79,14.9,4.9,250,91.9333333333333,95.44,1
603399,64.6666666666667,54.5,60.8333333333333,64.6666666666667,56,NA,389.08,10,0,250,60.1333333333333,71.1,0
191876,85,97.8333333333333,88.5,96,89,NA,368.71,15,5,250,91.2666666666667,94.95,1
857405,NA,51,75,67.8333333333333,76,62,259.06,10,0,250,66.3666666666667,75.775,0
375253,71.1666666666667,72.3333333333333,80.6666666666667,84.6666666666667,NA,NA,272.55,10,0,250,61.7666666666667,72.325,0
193857,75.6666666666667,77.5,84.5,79.6666666666667,91.6666666666667,76,308.61,10,0,250,81.8666666666667,87.4,0
935965,74.3333333333333,73.8333333333333,84.6666666666667,63.6666666666667,84.3333333333333,74,346.14,10,0,250,78.2333333333333,84.675,0
907662,57,67.3333333333333,69.1666666666667,56.3333333333333,77.6666666666667,40,373.5,10,0,250,65.5,75.125,0
859374,88.6666666666667,81.6666666666667,87.3333333333333,90.6666666666667,98.3333333333333,NA,256.06,15,5,250,89.3333333333333,93.5,1
936964,55.3333333333333,82.5,85.3333333333333,77.1666666666667,81.3333333333333,82,409.33,14.3,4.3,250,81.6666666666667,87.68,1
980134,95.6666666666667,94.3333333333333,90.5,98.6666666666667,98.6666666666667,NA,366,10,0,250,95.5666666666667,97.675,0
711072,79,84.5,65.5,80.6666666666667,87.2533333333333,64,369.2,14.9,4.9,250,79.384,86.028,1
635780,52.3333333333333,70.3333333333333,63.3333333333333,71.5,61,50,307.13,15,5,250,63.7,74.275,1
530411,97,92.6666666666667,97.5,85.6666666666667,92,94,333.14,10,0,250,94.6333333333333,96.975,0
193776,94.6666666666667,97.5,95,98.6666666666667,94.3333333333333,NA,380.93,10,0,250,96.0333333333333,98.025,0
578485,92,95.6666666666667,95.5,96,98,NA,259.38,5,0,250,95.4333333333333,97.075,0
210273,73.3333333333333,87.5,80,64.3333333333333,89,NA,246.1,10,0,246.1,78.8333333333333,84.735,0
215621,NA,65.1666666666667,72.5,88.3333333333333,78,74,278.01,10,0,250,75.6,82.7,0
130380,61.3333333333333,61.5,75,52.6666666666667,73.3333333333333,48,338.62,14.9,4.9,250,64.7666666666667,75.065,1
135727,43.6666666666667,79,79.1666666666667,82,68.6666666666667,46,315.23,15,5,250,70.9666666666667,79.725,1
736790,90,91.5,89.8333333333333,90.6666666666667,90.3333333333333,NA,331.31,10,0,250,90.4666666666667,93.85,0
335736,NA,70.6666666666667,81,85.3333333333333,90.3333333333333,74,241.58,10,0,241.58,80.2666666666667,85.358,0
909875,80.6666666666667,87.5,84,82.8333333333333,85.6666666666667,88,255.49,15,5,250,85.6,90.7,1
664851,84.1666666666667,89.1666666666667,86.6666666666667,95,95,NA,321.5,15,5,250,90,94,1
808404,52,88.3333333333333,NA,89,91.3333333333333,80,250.98,15,5,250,80.1333333333333,86.6,1
805091,65.3333333333333,73.5,68,68.5,92.6666666666667,68,253.41,14.9,4.9,250,74.1333333333333,82.09,1
620808,86,79.6666666666667,79.8333333333333,90.8333333333333,90.6666666666667,84,252.75,15,5,250,86.2666666666667,91.2,1
867083,NA,NA,46.3333333333333,52.5,NA,NA,234.12,5,0,234.12,19.7666666666667,38.737,0
254596,65.6666666666667,69.5,73,39,74.6666666666667,54,367.51,10,0,250,67.3666666666667,76.525,0
878864,85.3333333333333,71,75.1666666666667,91.6666666666667,88.5,NA,269.63,10,0,250,82.3333333333333,87.75,0
587423,76.8333333333333,75.6666666666667,91,88.6666666666667,97,90,315.25,14.9,4.9,250,88.7,93.015,1
564146,46.1666666666667,80.1666666666667,85.8333333333333,78.6666666666667,69.1666666666667,78,41.75,0,0,41.75,78.3666666666667,62.95,0
265323,74.8333333333333,83.1666666666667,69.6666666666667,77.8333333333333,80,86,365.75,14.9,4.9,250,80.3666666666667,86.765,1
670267,90.8333333333333,98,87.5,92,88.6666666666667,NA,250,5,0,250,91.4,94.05,0
938861,79.3333333333333,78.3333333333333,82,96.6666666666667,89,76,253.09,15,5,250,85.0666666666667,90.3,1
863924,89.5,89.1666666666667,94,90.1666666666667,95.6666666666667,NA,352.11,15,5,250,91.7,95.275,1
951938,86.6666666666667,86.6666666666667,90.8333333333333,87.3333333333333,89.1666666666667,NA,262.6,10,0,250,88.1333333333333,92.1,0
266782,84.3333333333333,88.6666666666667,81.3333333333333,89,92.3333333333333,96,302.11,15,5,250,90.0666666666667,94.05,1
927645,68.3333333333333,64.3333333333333,87.6666666666667,69,79.6666666666667,54,264.95,10,0,250,73.8,81.35,0
126548,76,85.5,83.3333333333333,70.1666666666667,87,58,360.7,10,0,250,80.4,86.3,0
806039,77.6666666666667,79.8333333333333,88.3333333333333,84,91.3333333333333,72,361.5,15,5,250,84.2333333333333,89.675,1
841731,78.6666666666667,79.5,94.6666666666667,68.3333333333333,83.5,82,257.87,10,0,250,83.6666666666667,88.75,0
704993,80.6666666666667,86.1666666666667,85.8333333333333,94.3333333333333,97,NA,266.61,5,0,250,88.8,92.1,0
720293,47,57.8333333333333,NA,50,72,74,171.5,5,0,171.5,60.1666666666667,62.775,0
223333,78.3333333333333,71,70.6666666666667,67.3333333333333,74.3333333333333,NA,371.15,10,0,250,72.3333333333333,80.25,0
514088,69,80.3333333333333,76.8333333333333,73.6666666666667,76.6666666666667,NA,256.44,10,0,250,75.3,82.475,0
485565,86.6666666666667,82.1666666666667,85,87.8333333333333,94.6666666666667,78,348.22,15,5,250,87.2666666666667,91.95,1
221844,86,75.3333333333333,80.3333333333333,85.6666666666667,73.5,88,274.31,10,0,250,83.0666666666667,88.3,0
451623,80,95.8333333333333,95,82.3333333333333,95.6666666666667,NA,317.61,15,5,250,89.7666666666667,93.825,1
229553,83.5,89.5,84,71.3333333333333,74.8333333333333,NA,297.21,10,0,250,80.6333333333333,86.475,0
930504,73.3333333333333,85.6666666666667,90.6666666666667,83,82.3333333333333,NA,396,14.8,4.8,250,83,88.73,1
167773,89.3333333333333,94.5,94,98.6666666666667,93.6666666666667,NA,252.32,13,3,250,94.0333333333333,96.825,1
488889,76,68.3333333333333,78,55,51.1666666666667,NA,251.93,10,0,250,65.7,75.275,0
273032,74.6666666666667,71,71.6666666666667,78.6666666666667,58.1666666666667,NA,248.62,10,0,248.62,70.8333333333333,78.987,0
739544,93.3333333333333,92,97.8333333333333,99.3333333333333,98,NA,343.95,10,0,250,96.1,98.075,0
507880,88.6666666666667,93.6666666666667,84.1666666666667,85.3333333333333,93,NA,269.71,10,0,250,88.9666666666667,92.725,0
378876,92.6666666666667,82,82.6666666666667,73.3333333333333,85.3333333333333,76,295.15,14.9,4.9,250,83.7333333333333,89.29,1
370378,68,63.8333333333333,87.8333333333333,89.6666666666667,74.5,NA,291.37,15,5,250,76.7666666666667,84.075,1
689023,87.3333333333333,85.6666666666667,91.3333333333333,97.5,89.6666666666667,NA,384.12,15,5,250,90.3,94.225,1
822014,80.6666666666667,85.6666666666667,95.1666666666667,77.3333333333333,84.6666666666667,84,343.49,15,5,250,86.0333333333333,91.025,1
202048,95,89.5,89.8333333333333,88.3333333333333,87.3333333333333,NA,255.29,10,0,250,90,93.5,0
231177,84.3333333333333,90.6666666666667,91.8333333333333,74.6666666666667,83,80,287.3,10,0,250,85.9666666666667,90.475,0
776985,70.3333333333333,77.1666666666667,82.3333333333333,88,81.6666666666667,78,379.84,10,0,250,81.4333333333333,87.075,0
437305,87.1666666666667,91.1666666666667,94.3333333333333,95.1666666666667,97.6666666666667,NA,383.94,10,0,250,93.1,95.825,0
331418,91.1666666666667,90.3333333333333,87.1666666666667,97.6666666666667,89.3333333333333,NA,283.22,10,0,250,91.1333333333333,94.35,0
700506,97.6666666666667,95.5,91.3333333333333,94,96.6666666666667,NA,313.25,14,4,250,95.0333333333333,97.675,1
887391,89.3333333333333,72.6666666666667,88.1666666666667,84.6666666666667,84.5,82,334,14.9,4.9,250,85.7333333333333,90.79,1
570810,69,82.5,82.8333333333333,79,70,74,307.31,14.9,4.9,250,77.6666666666667,84.74,1
398075,66,57.6666666666667,72.3333333333333,80.8333333333333,55.6666666666667,62,341.92,10,0,250,67.7666666666667,76.825,0
480961,70.6666666666667,61,66.1666666666667,65,69.3333333333333,70,266.91,10,0,250,68.2333333333333,77.175,0
357173,88.8333333333333,95.5,92.1666666666667,86,84.3333333333333,NA,361.88,10,0,250,89.3666666666667,93.025,0
849990,62,66.5,86.8333333333333,70,70.6666666666667,NA,287.97,10,0,250,71.2,79.4,0
431825,89,79,83,75.6666666666667,84,82,343.68,14.9,4.9,250,83.4,89.04,1
190892,60.6666666666667,59.5,76.3333333333333,64,65,56,340.85,15,5,250,65.1,75.325,1
880562,86.1666666666667,91,91,92,93.6666666666667,NA,365.15,15,5,250,90.7666666666667,94.575,1
259122,79.8333333333333,64.8333333333333,89.6666666666667,78.3333333333333,76.6666666666667,NA,255.08,10,0,250,77.8666666666667,84.4,0
646067,92.3333333333333,94.3333333333333,81.3333333333333,88.3333333333333,85.6666666666667,NA,302.88,14.5,4.5,250,88.4,92.75,1
270982,60.3333333333333,65.5,77.6666666666667,56,76,78,391.42,14.8,4.8,250,71.5,80.105,1
611968,53.3333333333333,77,84,66.3333333333333,79,66,393.16,10,0,250,74.4666666666667,81.85,0
978499,67.6666666666667,76.6666666666667,78.6666666666667,71,79.6666666666667,64,273.55,10,0,250,74.7333333333333,82.05,0
306957,84.3333333333333,82.1666666666667,90.8333333333333,85,88.6666666666667,NA,324.46,5,0,250,86.2,90.15,0
623912,83.3333333333333,83,86.5,89.5,82.8333333333333,NA,266.77,15,5,250,85.0333333333333,90.275,1
700441,42.6666666666667,61.1666666666667,65.5,42.6666666666667,58.6666666666667,62,361.4,13.8,3.8,250,58,69.88,1
685171,73.8333333333333,41,70.5,48,57.6666666666667,66,385.01,10,0,250,63.2,73.4,0
585527,89.3333333333333,94.1666666666667,92.5,92.3333333333333,97.6666666666667,NA,385.62,10,0,250,93.2,95.9,0
187418,94.1666666666667,85.5,82.8333333333333,90.6666666666667,78.3333333333333,NA,252.28,10,0,250,86.3,90.725,0
298840,54,50.8333333333333,55.3333333333333,48.3333333333333,67,62,365.83,5,0,250,57.8333333333333,68.875,0
690059,NA,NA,85.1666666666667,87.3333333333333,96.6666666666667,90,325.99,14.9,4.9,250,71.8333333333333,80.365,1
465537,71.3333333333333,90.5,95.6666666666667,94.3333333333333,73,78,222.61,5,0,222.61,86.3,87.486,0
839513,78.6666666666667,89.3333333333333,86.8333333333333,NA,73,66,234.12,10,0,234.12,78.7666666666667,83.487,0
176796,80.3333333333333,83.8333333333333,87.3333333333333,79.5,77.3333333333333,70,265.83,10,0,250,81.6666666666667,87.25,0
484728,82.6666666666667,88.5,76.3333333333333,77.5,79.5,82,253.83,14.9,4.9,250,82.0333333333333,88.015,1
323214,80.3333333333333,85.8333333333333,94.1666666666667,89.3333333333333,88.8333333333333,NA,394,15,5,250,87.7,92.275,1
467652,68.6666666666667,78.3333333333333,91.6666666666667,85.3333333333333,92.6666666666667,78,267.46,10,0,250,85.2,89.9,0
745036,71.8333333333333,74.6666666666667,73.5,54,57,66,209.56,10,0,209.56,68.6,73.406,0
970240,90.6666666666667,93,85.8333333333333,88.3333333333333,86,NA,251.42,15,5,250,88.7666666666667,93.075,1
323859,81.8333333333333,94.1666666666667,98,91.3333333333333,92.6666666666667,NA,378,15,5,250,91.6,95.2,1
416172,91.6666666666667,NA,91,78.3333333333333,85,74,255.65,10,0,250,84,89,0
852104,89.3333333333333,94.8333333333333,94.3333333333333,90.6666666666667,76.3333333333333,NA,344.57,15,5,250,89.1,93.325,1
936273,84,65,88,85.1666666666667,87.6666666666667,NA,330.88,10,0,250,81.9666666666667,87.475,0
992343,42.6666666666667,45.6666666666667,NA,37.6666666666667,52.6666666666667,54,346.14,10,0,250,46.5333333333333,60.9,0
562658,68,84.6666666666667,88.3333333333333,NA,71.3333333333333,NA,369.81,10,0,250,62.4666666666667,72.85,0
781433,40,43.1666666666667,78.3333333333333,56.6666666666667,67.6666666666667,52,330.42,10,0,250,59.5666666666667,70.675,0
987447,87,92,96.1666666666667,92.8333333333333,95.3333333333333,NA,279.79,15,5,250,92.6666666666667,96,1
533181,52,47.8333333333333,55.3333333333333,74,64.3333333333333,NA,336.75,13.7,3.7,250,58.7,70.395,1
128513,NA,66.3333333333333,46.3333333333333,79.6666666666667,82,80,260.37,11,1,250,70.8666666666667,79.25,1
100915,92.5,88,80.5,79.3333333333333,87.6666666666667,NA,372.5,15,5,250,85.6,90.7,1
760890,60,54.3333333333333,50,60.6666666666667,48,54,244.93,10,0,244.93,55.8,67.343,0
861674,93.3333333333333,71.6666666666667,87.6666666666667,86.8333333333333,91.3333333333333,80,295.86,15,5,250,87.8333333333333,92.375,1
877109,82.5,81.8333333333333,90.8333333333333,96.5,87.6666666666667,NA,389.7,15,5,250,87.8666666666667,92.4,1
483406,77.3333333333333,92.8333333333333,71.5,69.5,77,NA,403.5,10,0,250,77.6333333333333,84.225,0
555054,89.1666666666667,82.6666666666667,87,92,81.5,NA,393.13,5,0,250,86.4666666666667,90.35,0
783300,77.6666666666667,88.5,96.1666666666667,92.3333333333333,92.6666666666667,NA,263.9,10,0,250,89.4666666666667,93.1,0
657848,96.3333333333333,93.3333333333333,91.8333333333333,81.6666666666667,94,NA,314.83,15,5,250,91.4333333333333,95.075,1
669717,91.3333333333333,94.3333333333333,91.3333333333333,95,92,NA,365.75,14.9,4.9,250,92.8,96.09,1
862880,87,85.3333333333333,69.8333333333333,NA,75.5,82,251.14,10,0,250,79.9333333333333,85.95,0
338073,65.8333333333333,63.3333333333333,67,80.3333333333333,78.6666666666667,70,368.9,15,5,250,72.3666666666667,80.775,1
132340,80.6666666666667,77,76.5,90.6666666666667,72.6666666666667,NA,307.2,15,5,250,79.5,86.125,1
796250,87.8333333333333,87.5,89.1666666666667,90.6666666666667,80.6666666666667,NA,375.76,10,0,250,87.1666666666667,91.375,0
311227,65.6666666666667,59,81.6666666666667,68.6666666666667,76.6666666666667,NA,273.97,10,0,250,70.3333333333333,78.75,0
341372,78.3333333333333,86.1666666666667,84.8333333333333,90,98.6666666666667,74,267.11,14.8,4.8,250,87.6,92.18,1
878824,89.5,72,NA,92.1666666666667,93,90,320.73,14.9,4.9,250,87.3333333333333,91.99,1
863598,NA,73.8333333333333,96.5,96,86.1666666666667,72,398,15,5,250,84.9,90.175,1
499213,73.1666666666667,43.5,58.1666666666667,79.3333333333333,69.3333333333333,48,253.2,15,5,250,65.6,75.7,1
543411,83.6666666666667,83.8333333333333,88.1666666666667,90.3333333333333,79,74,384.69,14.99,4.99,250,85,90.249,1
980357,75.3333333333333,65.3333333333333,NA,84.6666666666667,77.6666666666667,84,261.86,5,0,250,77.4,83.55,0
864689,90,87.3333333333333,91.8333333333333,91.6666666666667,88.6666666666667,NA,332.32,10,0,250,89.9,93.425,0
840840,73.6666666666667,NA,86.8333333333333,68.1666666666667,84.6666666666667,NA,354.33,10,0,250,62.6666666666667,73,0
441521,95.6666666666667,75,81.1666666666667,76,82.3333333333333,84,271.35,15,5,250,83.8333333333333,89.375,1
710489,83.5,79.5,83.3333333333333,81.3333333333333,66,NA,250.63,10,0,250,78.7333333333333,85.05,0
197878,92,84,NA,84.8333333333333,89.6666666666667,88,275.79,15,5,250,87.7,92.275,1
199772,85.6666666666667,75.6666666666667,84.1666666666667,84.3333333333333,81.3333333333333,90,123.03,5,0,123.03,85.1,76.628,0
907718,91.6666666666667,92.1666666666667,94.8333333333333,88,99.8333333333333,NA,318.45,14.9,4.9,250,93.3,96.465,1
342170,61.6666666666667,54,70.6666666666667,75.8333333333333,58.6666666666667,72,392.83,14,4,250,67.7666666666667,77.225,1
780786,76.3333333333333,89,NA,95.3333333333333,83,72,339.12,14.8,4.8,250,83.1333333333333,88.83,1
277425,71.3333333333333,64.5,70.8333333333333,82,83.3333333333333,NA,301.26,15,5,250,74.4,82.3,1
326394,84.8333333333333,80.6666666666667,76.8333333333333,74,NA,68,276.17,5,0,250,76.8666666666667,83.15,0
166548,72,80.5,84.6666666666667,93.5,83,68,346.74,14.9,4.9,250,82.7333333333333,88.54,1
955242,97.6666666666667,95.8333333333333,96,91.6666666666667,89,96,389.83,10,0,250,95.4333333333333,97.575,0
601701,99.3333333333333,96.1666666666667,90.8333333333333,91,97,NA,371.42,10,0,250,94.8666666666667,97.15,0
487505,51,64.6666666666667,66.1666666666667,65,66.5,NA,361.54,10,0,250,62.6666666666667,73,0
394484,59.8333333333333,81.8333333333333,60.6666666666667,51.3333333333333,62.1666666666667,64,365.24,10,0,250,65.7,75.275,0
868406,73.6666666666667,86.6666666666667,79.5,74.1666666666667,76,NA,365.83,10,0,250,78,84.5,0
329867,92.5,86,88.5,89.3333333333333,95,NA,294.13,5,0,250,90.2666666666667,93.2,0
282845,89.6666666666667,85.3333333333333,90.6666666666667,96,88.6666666666667,NA,385.75,10,0,250,90.0666666666667,93.55,0
879263,73,88.5,86.8333333333333,88.6666666666667,79.5,84,360.82,10,0,250,85.5,90.125,0
377090,88.8333333333333,89.3333333333333,97.8333333333333,94.8333333333333,93,NA,260.61,10,0,250,92.7666666666667,95.575,0
914016,63,72.6666666666667,68.5,72.5,57.3333333333333,64,270.33,10,0,250,68.1333333333333,77.1,0
939066,79.6666666666667,78.5,84.3333333333333,95.3333333333333,91.3333333333333,NA,308.46,10,0,250,85.8333333333333,90.375,0
120124,93,88.7533333333333,93.1666666666667,96,98.3333333333333,NA,297.13,15,5,250,93.8506666666667,96.888,1
335731,73.8333333333333,74.6666666666667,73,68.3333333333333,70,NA,258.9,5,0,250,71.9666666666667,79.475,0
179184,80.6666666666667,74.8333333333333,82.5,77.6666666666667,69.6666666666667,NA,356.27,14.8,4.8,250,77.0666666666667,84.28,1
319559,69,66.3333333333333,52.6666666666667,59,77,72,365,15,5,250,68.6666666666667,78,1
522922,51.6666666666667,44.6666666666667,60.8333333333333,69,60.8333333333333,54,363.02,15,5,250,59.2666666666667,70.95,1
637438,78.6666666666667,89.3333333333333,93.3333333333333,96.3333333333333,97,NA,337.19,15,5,250,90.9333333333333,94.7,1
172263,90.8333333333333,79.6666666666667,92.5,97.3333333333333,88.3333333333333,NA,252.52,14.9,4.9,250,89.7333333333333,93.79,1
877116,75.8333333333333,NA,88.5,85.3333333333333,83,84,174.72,0,0,174.72,83.3333333333333,79.972,0
158198,93,94.1666666666667,82.5,79.1666666666667,87,80,319.64,10,0,250,87.3333333333333,91.5,0
493377,60.3333333333333,66.1666666666667,NA,NA,NA,NA,263.49,12,2,250,25.3,45.175,1
376854,89.6666666666667,94.6666666666667,93,96.6666666666667,88,NA,368.92,15,5,250,92.4,95.8,1
450272,89.8333333333333,91.8333333333333,95,94.5,96,NA,330,15,5,250,93.4333333333333,96.575,1
242493,87.5,93.6666666666667,88.3333333333333,96.6666666666667,88.3333333333333,NA,356,15,5,250,90.9,94.675,1
216877,74,86,87.8333333333333,75.8333333333333,75.6666666666667,76,268.79,10,0,250,80.2666666666667,86.2,0
429085,61.6666666666667,60.5,79.1666666666667,71,69.3333333333333,60,270,14.7,4.7,250,68.3333333333333,77.72,1
946128,92,76.3333333333333,88,91.3333333333333,89.6666666666667,86,360.23,10,0,250,89.4,93.05,0
348376,72.6666666666667,85.3333333333333,83.3333333333333,76.1666666666667,59.1666666666667,NA,251.89,10,0,250,75.3333333333333,82.5,0
422809,43.6666666666667,74.8333333333333,85.6666666666667,92.5,77.6666666666667,54,362,15,5,250,76.9333333333333,84.2,1
353441,72.5,83,91.1666666666667,68.6666666666667,74.6666666666667,78,319.7,14.8,4.8,250,79.8666666666667,86.38,1
115362,92,81.3333333333333,79.3333333333333,89.3333333333333,86.3333333333333,82,283.97,15,5,250,86.2,91.15,1
267132,63.6666666666667,68.3333333333333,89.3333333333333,49.6666666666667,76,NA,299.43,10,0,250,69.4,78.05,0
815620,71.3333333333333,76.3333333333333,71.8333333333333,61.6666666666667,76.6666666666667,74,318.7,10,0,250,74.0333333333333,81.525,0
743784,96.1666666666667,95.3333333333333,92.6666666666667,97.6666666666667,98.3333333333333,NA,357.85,15,5,250,96.0333333333333,98.525,1
649892,76.1666666666667,76.6666666666667,67.5,79.3333333333333,87.6666666666667,76,309.2,15,5,250,79.1666666666667,85.875,1
515838,56.6666666666667,59.3333333333333,53.5,83.6666666666667,64.6666666666667,NA,253.36,15,5,250,63.5666666666667,74.175,1
898473,NA,NA,NA,NA,NA,NA,299.58,10,0,250,0,26,0
331406,59.1666666666667,75.3333333333333,92.1666666666667,81.6666666666667,74.5,66,274.5,14.9,4.9,250,77.9333333333333,84.94,1
844340,67.5,NA,55.8333333333333,58.6666666666667,51.5,46,320.28,10,0,250,55.9,67.925,0
505593,85.6666666666667,91.8333333333333,79.3333333333333,91.8333333333333,88,NA,287.58,15,5,250,87.3333333333333,92,1
783735,89.6666666666667,74.6666666666667,85.8333333333333,77.3333333333333,94.5,64,382.51,15,5,250,84.4,89.8,1
850435,91.6666666666667,89,91,96,88.3333333333333,NA,357.84,15,5,250,91.2,94.9,1
785732,65.3333333333333,55,81.3333333333333,74.3333333333333,53,50,374.75,10,0,250,65.8,75.35,0
556020,74.5,67.6666666666667,85.3333333333333,73,74.1666666666667,66,400,15,5,250,74.9333333333333,82.7,1
738332,53,82.3333333333333,61,68,62,56,337.56,10,0,250,65.8666666666667,75.4,0
113553,51.6666666666667,41,49.5,59.5,65.6666666666667,64,332.93,15,5,250,58.0666666666667,70.05,1
912689,74.8333333333333,77,66.6666666666667,73.3333333333333,73,78,297.76,10,0,250,75.2333333333333,82.425,0
141625,79.3333333333333,88.6666666666667,79.3333333333333,74.1666666666667,75.3333333333333,82,353.5,10,0,250,80.9333333333333,86.7,0
789124,NA,96.6666666666667,97.6666666666667,94,92.3333333333333,100,388.5,15,5,250,96.1333333333333,98.6,1
425200,81.3333333333333,90.8333333333333,90.6666666666667,93,98,NA,393.95,14.9,4.9,250,90.7666666666667,94.565,1
700670,87.6666666666667,83.8333333333333,79.8333333333333,89,79.6666666666667,84,389.15,15,5,250,84.8666666666667,90.15,1
687844,92,89.8333333333333,88.3333333333333,90.3333333333333,91.1666666666667,NA,285.35,10,0,250,90.3333333333333,93.75,0
613766,84.6666666666667,91.3333333333333,95,94.6666666666667,95.6666666666667,NA,310.43,15,5,250,92.2666666666667,95.7,1
504530,86.8333333333333,70,78.6666666666667,87.3333333333333,83.6666666666667,70,326.29,15,5,250,81.3,87.475,1
562399,48.6666666666667,49.5,56.42,59.6666666666667,63.8333333333333,66,305.03,14.8,4.8,250,59.084,70.793,1
768234,80.3333333333333,81.5,87.6666666666667,86,95,80,377.75,15,5,250,86.1,91.075,1
147145,49,64.1666666666667,70.5,59.8333333333333,57.3333333333333,52,319.11,10,0,250,60.7666666666667,71.575,0
690036,78.6666666666667,82.8333333333333,95.3333333333333,85.8333333333333,73.8333333333333,66,335.14,15,5,250,83.3,88.975,1
682407,90.3333333333333,74,94.5,85,91,94,314.33,9.9,4.9,250,90.9666666666667,94.215,1
644205,74.6666666666667,70.8333333333333,71.8333333333333,75.8333333333333,82.6666666666667,82,361.57,14.9,4.9,250,77.4,84.54,1
884161,63.6666666666667,46.8333333333333,66.3333333333333,57,66.6666666666667,40,262.5,10,5,250,60.1,71.075,1
337398,90.3333333333333,88.3333333333333,91.7533333333333,95.3333333333333,91,NA,277.5,10,0,250,91.3506666666667,94.513,0
116004,96.3333333333333,93.8333333333333,99.6666666666667,94.3333333333333,100,NA,373.94,10,0,250,96.8333333333333,98.625,0
116312,59,78.8333333333333,73.5,66.3333333333333,75.3333333333333,78,257.75,10,0,250,74.4,81.8,0
947959,63,65.3333333333333,76,67.6666666666667,70.6666666666667,74,397.69,14.6,4.6,250,70.7333333333333,79.51,1
862239,49.3333333333333,70.8333333333333,70.6666666666667,74.6666666666667,71,72,297.15,10,0,250,71.8333333333333,79.875,0
502302,93.3333333333333,72.5,90.1666666666667,92.3333333333333,98,NA,405.67,15,5,250,89.2666666666667,93.45,1
652357,92,77.6666666666667,78.6666666666667,86.1666666666667,83.6666666666667,NA,287.92,10,0,250,83.6333333333333,88.725,0
205809,82,93.8333333333333,96.1666666666667,94.6666666666667,93.6666666666667,94,299.3,10,0,250,94.4666666666667,96.85,0
928498,89.3333333333333,69.5,89.6666666666667,76.1666666666667,75.3333333333333,78,260.18,10,0,250,81.7,87.275,0
495024,83.3333333333333,62,73.3333333333333,76,83,76,393.12,5,0,250,78.3333333333333,84.25,0
471494,93.3333333333333,91.8333333333333,88.3333333333333,89.3333333333333,92,NA,264.24,15,5,250,90.9666666666667,94.725,1
802566,61.5,50,76,64,79.3333333333333,84,294.23,10,0,250,72.9666666666667,80.725,0
356382,54.3333333333333,78,87,73.5,66.3333333333333,50,343.93,15,5,250,71.8333333333333,80.375,1
999023,84,77.6666666666667,85.3333333333333,91.5,85,74,270.2,10,0,250,84.7,89.525,0
479550,83.8333333333333,94.6666666666667,79.1666666666667,81.3333333333333,96.3333333333333,84,251.51,15,5,250,88.0333333333333,92.525,1
785013,92,78.3333333333333,80,90.3333333333333,84.8333333333333,NA,294.99,15,5,250,85.1,90.325,1
967176,81,94.6666666666667,82.3333333333333,95.6666666666667,95,NA,392.74,15,5,250,89.7333333333333,93.8,1
660431,93,93,77.6666666666667,92.1666666666667,85.6666666666667,NA,359.15,15,5,250,88.3,92.725,1
156364,62,60.5,66,56.6666666666667,79.1666666666667,60,376.59,15,5,250,65.5333333333333,75.65,1
100168,81.1666666666667,82.6666666666667,80,78.6666666666667,88.6666666666667,82,334.48,15,5,250,82.9,88.675,1
274235,64,70.1666666666667,79,91.3333333333333,77.3333333333333,NA,347.67,5,0,250,76.3666666666667,82.775,0
929062,91.3333333333333,97,95,89.8333333333333,94.6666666666667,NA,256.48,10,0,250,93.5666666666667,96.175,0
298091,75.3333333333333,70.6666666666667,73,76.6666666666667,70,50,394.68,15,5,250,73.1333333333333,81.35,1
237582,70.1666666666667,73,69.6666666666667,68,56.8333333333333,64,371.93,10,0,250,68.9666666666667,77.725,0
671655,92,81.6666666666667,89,92.5,95,NA,305.88,10,0,250,90.0333333333333,93.525,0
288842,92.6666666666667,90,93,98.6666666666667,100,NA,393.29,10,0,250,94.8666666666667,97.15,0
946353,80.3333333333333,81.1666666666667,81.3333333333333,89,86.3333333333333,NA,390.48,10,0,250,83.6333333333333,88.725,0
652942,89,82.6666666666667,87.8333333333333,90,86,76,373.83,14.9,4.9,250,87.1,91.815,1
316719,95.5,96.6666666666667,97,97.6666666666667,97,NA,289.08,10,0,250,96.7666666666667,98.575,0
868195,95.6666666666667,95.8333333333333,97.1666666666667,98.5,97,NA,354.64,15,5,250,96.8333333333333,99.125,1
292900,91.5,89.8333333333333,NA,88.6666666666667,87.3333333333333,82,296.17,5,0,250,87.8666666666667,91.4,0
589905,82,92.1666666666667,86.5,NA,84.3333333333333,68,341.52,10,0,250,82.6,87.95,0
751500,88.6666666666667,80.6666666666667,88.5,82.3333333333333,76.3333333333333,82,398,15,5,250,84.4333333333333,89.825,1
980587,91.8333333333333,95,91.5,92,90.6666666666667,NA,389.29,10,0,250,92.2,95.15,0
755204,76.6666666666667,70.1666666666667,91.3333333333333,94.3333333333333,79.6666666666667,72,309.34,15,5,250,82.8,88.6,1
752695,40.6666666666667,49.5,53.1666666666667,38,51,38,342.17,14,4,250,46.4666666666667,61.25,1
714184,84,84.6666666666667,90.3333333333333,86.3333333333333,100,NA,259.5,15,5,250,89.0666666666667,93.3,1
840463,73.8333333333333,81.1666666666667,78.3333333333333,87.3333333333333,92.6666666666667,78,340.29,14.9,4.9,250,83.5,89.115,1
298429,79.6666666666667,79.8333333333333,92.3333333333333,84.8333333333333,96,82,382,15,5,250,87,91.75,1
568721,75,73.8333333333333,86,92,82,78,281.13,5,0,250,82.6,87.45,0
149203,79,79,78.6666666666667,76,90,NA,269.97,10,0,250,80.5333333333333,86.4,0
843535,56.6666666666667,80.6666666666667,77.6666666666667,66,77.6666666666667,68,266.08,10,0,250,74,81.5,0
627572,60,75.5,88,70,68,68,290.64,14.8,4.8,250,73.9,81.905,1
903345,75.5,69,63.1666666666667,77.3333333333333,69.5,66,308.71,10,0,250,71.4666666666667,79.6,0
560484,91,95.5,83.6666666666667,88,90,NA,281.2,9.9,4.9,250,89.6333333333333,93.215,1
497496,68.6666666666667,76.6666666666667,76.1666666666667,54,80.3333333333333,60,272.76,14.8,4.8,250,72.3666666666667,80.755,1
820889,73.3333333333333,73.1666666666667,80.8333333333333,95.3333333333333,82,NA,276.97,10,0,250,80.9333333333333,86.7,0
721359,80,96.8333333333333,86,93.6666666666667,89.6666666666667,NA,299.74,10,0,250,89.2333333333333,92.925,0
829820,94.6666666666667,86,93.6666666666667,95.3333333333333,92.6666666666667,NA,289.33,15,5,250,92.4666666666667,95.85,1
825875,82.6666666666667,92.6666666666667,83.1666666666667,96.1666666666667,86,NA,331.56,14.9,4.9,250,88.1333333333333,92.59,1
127794,67.6666666666667,76.1666666666667,69.1666666666667,64.6666666666667,80.5,52,281.85,10,0,250,71.6333333333333,79.725,0
214276,70,80.8333333333333,54.5,81.6666666666667,72.5,68,299.39,10,0,250,74.6,81.95,0
877146,66.6666666666667,75,68.6666666666667,70.3333333333333,65.6666666666667,NA,362,10,0,250,69.2666666666667,77.95,0
868090,78.8333333333333,71,58.3333333333333,69.3333333333333,62.8333333333333,NA,255.76,10,0,250,68.0666666666667,77.05,0
449769,64.3333333333333,85.6666666666667,87,87.6666666666667,89.3333333333333,82,276.98,10,0,250,86.3333333333333,90.75,0
766084,77,73.6666666666667,76.6666666666667,83.1666666666667,71.1666666666667,NA,251.62,14.9,4.9,250,76.3333333333333,83.74,1
706979,92.1666666666667,88,96.6666666666667,85.6666666666667,92.6666666666667,NA,368.61,10,0,250,91.0333333333333,94.275,0
354907,81,86.6666666666667,96.6666666666667,93.5,96,NA,307.52,14.9,4.9,250,90.7666666666667,94.565,1
482126,72,83,79.8333333333333,87.6666666666667,81,84,357.24,14.65,4.65,250,83.1,88.79,1
324553,88.6666666666667,89.6666666666667,98,96.1666666666667,90,NA,329.63,10,0,250,92.5,95.375,0
643893,66.5,74.3333333333333,84.1666666666667,76,68.6666666666667,74,252.67,9.9,4.9,250,75.4333333333333,82.565,1
841390,77,94.1666666666667,85.3333333333333,80.5,91.3333333333333,NA,390,15,5,250,85.6666666666667,90.75,1
423080,87.3333333333333,88.5,81.3333333333333,93.3333333333333,81.6666666666667,88,253.13,10,5,250,87.7666666666667,91.825,1
570017,92.8333333333333,91,94.5,95,88.3333333333333,84,406.75,14.9,4.9,250,92.3333333333333,95.74,1
362052,63.8333333333333,63.8333333333333,78,75.5,80,NA,394,10,0,250,72.2333333333333,80.175,0
348715,87.3333333333333,92,89.5,96.3333333333333,86,NA,321.64,10,0,250,90.2333333333333,93.675,0
758184,86.6666666666667,88.1666666666667,92.8333333333333,89.6666666666667,NA,72,284.46,10,0,250,85.8666666666667,90.4,0
122746,90.3333333333333,91.6666666666667,82.6666666666667,87.3333333333333,97.6666666666667,NA,367.27,9.99,4.99,250,89.9333333333333,93.449,1
805441,47.6666666666667,42.6666666666667,78.1666666666667,62.3333333333333,68.8333333333333,40,386.74,14.7,4.7,250,59.9333333333333,71.42,1
205295,87.3333333333333,95.1666666666667,91,93.6666666666667,90.3333333333333,NA,265.59,10,0,250,91.5,94.625,0
889441,60.6666666666667,36.6666666666667,69,63,68,NA,302.56,10,0,250,59.4666666666667,70.6,0
678041,85.3333333333333,88.5,95.5,87.5,89,NA,406.15,14.9,4.9,250,89.1666666666667,93.365,1
218653,89.5,97.3333333333333,96.1666666666667,85.3333333333333,77.6666666666667,NA,319.69,10,0,250,89.2,92.9,0
520659,88.8333333333333,91.8333333333333,81.6666666666667,93.8333333333333,89.5866666666667,NA,254.61,10,5,250,89.1506666666667,92.863,1
352138,78.5,72.5,72.8333333333333,81.3333333333333,73.1666666666667,60,364.32,10,0,250,75.6666666666667,82.75,0
257545,79.1666666666667,74.1666666666667,86.8333333333333,75,74.6666666666667,NA,252.8,10,0,250,77.9666666666667,84.475,0
221958,82.1666666666667,77.6666666666667,78.3333333333333,74.3333333333333,NA,72,278.51,10,0,250,76.9,83.675,0
957384,97,93,93.5,96.6666666666667,91,NA,284,0,0,250,94.2333333333333,95.675,0
776965,62.3333333333333,84.5,89.5,75.3333333333333,NA,NA,256.3,10,0,250,62.3333333333333,72.75,0
802878,81,84.6666666666667,78.6666666666667,80.3333333333333,89,88,395.5,15,5,250,84.6,89.95,1
980127,85.6666666666667,78.1666666666667,93.3333333333333,85.5,83.6666666666667,NA,301.47,15,5,250,85.2666666666667,90.45,1
575085,NA,53,65.3333333333333,57.3333333333333,91,52,299.51,10,0,250,63.7333333333333,73.8,0
469937,87.6666666666667,94.1666666666667,92.5,85.6666666666667,91.1666666666667,NA,265.19,10,0,250,90.2333333333333,93.675,0
794376,71.5,NA,84.8333333333333,66,83,88,290.5,10,0,250,78.6666666666667,85,0
458187,64.8333333333333,80.1666666666667,78.6666666666667,57,80.6666666666667,NA,262.96,10,0,250,72.2666666666667,80.2,0
756469,75,75.3333333333333,83.6666666666667,80.5,92,94,392.92,14.7,4.7,250,85.1,90.295,1
177840,92.6666666666667,93.1666666666667,81.8333333333333,86.5,96.6666666666667,NA,312.63,14.8,4.8,250,90.1666666666667,94.105,1
681486,68.3333333333333,84.5,76.5,74.6666666666667,70.6666666666667,NA,253.17,10,0,250,74.9333333333333,82.2,0
646241,71.8333333333333,67.6666666666667,89,88.8333333333333,91,86,406.21,14.9,4.9,250,85.3333333333333,90.49,1
711460,96,84.5,79.3333333333333,84.8333333333333,81,72,342,10,0,250,85.1333333333333,89.85,0
882737,NA,57,54.8333333333333,74,52.5,62,344.7,14.8,4.8,250,60.0666666666667,71.53,1
920586,NA,44.8333333333333,73.5,59,77.3333333333333,66,317.78,10,0,250,64.1333333333333,74.1,0
190818,86.6666666666667,81.3333333333333,95,95.8333333333333,88.6666666666667,NA,251.75,10,0,250,89.5,93.125,0
392584,79.6666666666667,89.1666666666667,84.6666666666667,90.6666666666667,98,NA,349.33,15,5,250,88.4333333333333,92.825,1
