"anon_id","age","year","gender","int_student","esl","e_exp","e_lvl","URM","p_education","m_education","par_rel","fin_support","ses","grant","soc_med","hw_time","transfer","first_gen","exam1","exam2","exam3","exam4","exam5","exam6","prep_p_raw","extra_credit","e_correct","p_p_final","exam_total","final_grade","opt_in","views1","p_tot1","views2","p_tot2","views3","p_tot3","views4","p_tot4","views5","p_tot5"
453529,18,1,"Woman",0,1,100,5,3,6,5,"Together",6,0,0,240,720,0,0,90.6666666666667,89.3333333333333,88.6666666666667,85,86.6666666666667,88,282,10,0,250,88.6666666666667,92.5,0,2,72,3,89.0909090909091,3,77.1428571428572,3,94,3,71.6666666666667
134149,19,2,"Man",0,1,100,6,2,2,3,"Separated",1,0,1,90,8,0,1,87.1666666666667,79,78.6666666666667,94,NA,88,217.03,5,0,217.03,85.3666666666667,86.228,0,1,80,1,58.1818181818182,1,55.7142857142857,1,96,NA,NA
388918,18,1,"Woman",0,1,99,6,4,2,3,"Together",6,2,2,300,18,0,1,73,74.3333333333333,83.1666666666667,85,84.3333333333333,76,260.73,15,5,250,80.5666666666667,86.925,1,4,88,5,60.9090909090909,5,59.2857142857143,5,79,1,95
603399,19,2,"Woman",0,1,100,6,2,5,5,"Together",7,0,1,300,35,0,0,64.6666666666667,54.5,60.8333333333333,64.6666666666667,56,NA,389.08,10,0,250,60.1333333333333,71.1,0,0,89,0,37.7272727272727,0,39.2857142857143,0,62,0,62.5
190818,18,1,"Woman",0,1,100,6,9,6,6,"Together",6,0,0,120,2,0,0,86.6666666666667,81.3333333333333,95,95.8333333333333,88.6666666666667,NA,251.75,10,0,250,89.5,93.125,0,1,63,3,76.3636363636364,1,84.2857142857143,0,93.5,0,85.8333333333333
495024,19,1,"Woman",0,1,90,6,3,5,5,"Together",6,0,0,300,40,0,0,83.3333333333333,62,73.3333333333333,76,83,76,393.12,5,0,250,78.3333333333333,84.25,0,2,72.5,2,45.4545454545455,3,43.5714285714286,5,76,1,81.6666666666667
142556,18,1,"Woman",0,0,100,6,9,5,NA,"Together",7,0,0,300,14,0,0,84,79.8333333333333,73.8333333333333,84.8333333333333,86,84,344.97,10,0,250,83.7333333333333,88.8,0,1,67,2,95.9090909090909,2,37.8571428571429,2,84.5,0,83.3333333333333
766084,20,2,"Man",0,0,100,6,3,2,NA,"Single",7,0,0,90,6.5,0,1,77,73.6666666666667,76.6666666666667,83.1666666666667,71.1666666666667,NA,251.62,14.9,4.9,250,76.3333333333333,83.74,1,3,67,1,90,3,81.4285714285714,0,69.5,0,60.8333333333333
210273,20,3,"Woman",0,1,100,6,3,5,5,"Together",7,0,0,240,32,0,0,73.3333333333333,87.5,80,64.3333333333333,89,NA,246.1,10,0,246.1,78.8333333333333,84.735,0,3,50,5,89.5454545454545,2,45.7142857142857,2,63,0,80.8333333333333
378876,19,2,"Woman",0,0,90,3,3,5,4,"Divorced",4,2,1,300,36,0,1,92.6666666666667,82,82.6666666666667,73.3333333333333,85.3333333333333,76,295.15,14.9,4.9,250,83.7333333333333,89.29,1,4,94,15,86.3636363636364,5,62.8571428571429,4,63,1,75.8333333333333
338114,25,3,"Woman",0,1,85,1,1,4,4,NA,NA,1,0,120,6,1,1,NA,40.8333333333333,NA,NA,NA,NA,130.2,10,0,130.2,8.16666666666667,20.145,0,NA,NA,0,33.1818181818182,NA,NA,NA,NA,NA,NA
208750,20,2,"Woman",0,1,100,6,4,5,5,"Together",5,0,NA,100,12,0,0,77.6666666666667,67.3333333333333,86.3333333333333,65.3333333333333,86.6666666666667,NA,407.08,10,0,250,76.6666666666667,83.5,0,0,65,0,54.5454545454545,0,52.8571428571429,0,63,0,81.6666666666667
889441,19,2,"Woman",0,1,100,6,3,4,6,"Separated",5,2,1,240,3,0,1,60.6666666666667,36.6666666666667,69,63,68,NA,302.56,10,0,250,59.4666666666667,70.6,0,0,46,0,27.2727272727273,0,54.2857142857143,0,73,0,78.3333333333333
216877,19,1,"Other",0,0,99,6,2,5,6,"Divorced",1,2,1,180,50,0,0,74,86,87.8333333333333,75.8333333333333,75.6666666666667,76,268.79,10,0,250,80.2666666666667,86.2,0,0,56,0,76.3636363636364,0,73.5714285714286,0,93.5,0,62.5
587423,20,3,"Man",0,1,90,4,2,5,5,"Divorced",6,0,0,100,20,0,0,76.8333333333333,75.6666666666667,91,88.6666666666667,97,90,315.25,14.9,4.9,250,88.7,93.015,1,3,76,5,62.7272727272727,2,94.2857142857143,2,88,1,95.8333333333333
493377,19,2,"Man",0,0,90,4,9,2,4,"Together",7,2,0,45,4,0,1,60.3333333333333,66.1666666666667,NA,NA,NA,NA,263.49,12,2,250,25.3,45.175,1,4,60,4,22.2727272727273,NA,NA,NA,NA,NA,NA
113553,20,2,"Woman",0,0,85,4,3,2,5,"Together",2,2,1,600,8,0,1,51.6666666666667,41,49.5,59.5,65.6666666666667,64,332.93,15,5,250,58.0666666666667,70.05,1,1,30,1,22.7272727272727,0,9.28571428571429,0,44.5,0,72.5
331406,19,2,"Other",0,0,100,5,4,3,3,"Together",1,2,1,60,300,0,1,59.1666666666667,75.3333333333333,92.1666666666667,81.6666666666667,74.5,66,274.5,14.9,4.9,250,77.9333333333333,84.94,1,1,53.5,2,81.8181818181818,1,87.8571428571429,0,83,0,67.0833333333333
444720,19,2,"Woman",0,1,100,6,1,6,6,"Together",7,0,0,120,30,0,0,92.3333333333333,92.6666666666667,87,NA,80,72,268.42,10,0,250,84.8,89.6,0,2,91,5,85.4545454545455,2,90,NA,NA,1,75.8333333333333
471494,18,2,"Woman",0,1,90,6,3,5,5,"Together",7,0,2,3,1.5,0,0,93.3333333333333,91.8333333333333,88.3333333333333,89.3333333333333,92,NA,264.24,15,5,250,90.9666666666667,94.725,1,3,86,1,94.0909090909091,3,90,2,96,1,90.8333333333333
976464,21,3,"Woman",0,1,100,6,2,5,3,"Separated",5,2,1,10,40,0,1,93.6666666666667,83.1666666666667,89.1666666666667,83.5,NA,68,219.11,15,5,219.11,83.5,86.036,1,2,83,1,85,0,69.2857142857143,0,72.5,NA,NA
760890,19,2,"Woman",0,0,95,6,4,3,NA,"Together",6,2,2,60,6,0,1,60,54.3333333333333,50,60.6666666666667,48,54,244.93,10,0,244.93,55.8,67.343,0,2,66,0,33.6363636363636,1,37.1428571428571,0,45,1,40
354907,18,1,"Woman",0,1,90,6,2,5,5,"Together",7,0,0,60,1.5,0,0,81,86.6666666666667,96.6666666666667,93.5,96,NA,307.52,14.9,4.9,250,90.7666666666667,94.565,1,7,85,4,85.4545454545455,7,85.7142857142857,1,94.5,0,98.3333333333333
167773,19,1,"Woman",1,0,90,6,3,5,5,"Together",7,0,0,240,10,0,0,89.3333333333333,94.5,94,98.6666666666667,93.6666666666667,NA,252.32,13,3,250,94.0333333333333,96.825,1,1,89.5,2,85,1,74.2857142857143,1,100,0,84.1666666666667
687838,18,1,"Woman",0,1,90,6,3,5,4,"Together",7,1,0,420,21,0,1,87.6666666666667,83.6666666666667,80.5,88.3333333333333,86.8333333333333,80,379.53,10,0,250,85.4,90.05,0,3,83,2,79.0909090909091,1,62.1428571428571,0,97,0,86.25
530411,18,1,"Woman",0,1,100,6,1,5,6,"Divorced",5,0,0,90,20.35,0,0,97,92.6666666666667,97.5,85.6666666666667,92,94,333.14,10,0,250,94.6333333333333,96.975,0,7,96,5,90,2,95,5,95,3,85
268619,18,1,"Woman",0,0,100,6,9,6,5,"Together",7,0,2,120,5.3,0,0,70.5,54,83.3333333333333,71.8333333333333,72.6666666666667,NA,409.98,10,0,250,70.4666666666667,78.85,0,0,79.5,1,27.2727272727273,0,48.5714285714286,0,63.5,0,58.3333333333333
755204,21,3,"Woman",0,0,95,6,4,2,4,"Separated",7,2,1,30,55,0,1,76.6666666666667,70.1666666666667,91.3333333333333,94.3333333333333,79.6666666666667,72,309.34,15,5,250,82.8,88.6,1,1,71,3,53.1818181818182,5,80,2,97,0,94.1666666666667
497496,20,3,"Woman",0,0,90,5,4,3,3,"Divorced",2,2,1,130,30,1,1,68.6666666666667,76.6666666666667,76.1666666666667,54,80.3333333333333,60,272.76,14.8,4.8,250,72.3666666666667,80.755,1,4,63,10,82.7272727272727,3,43.5714285714286,7,30,3,80
939066,19,2,"Man",0,1,100,6,3,5,5,"Together",6,1,0,60,7,0,0,79.6666666666667,78.5,84.3333333333333,95.3333333333333,91.3333333333333,NA,308.46,10,0,250,85.8333333333333,90.375,0,1,71.5,8,68.6363636363636,5,57.1428571428571,2,100,0,93.3333333333333
781433,18,1,"Man",0,1,100,5,4,1,3,"Together",5,2,1,90,4,0,1,40,43.1666666666667,78.3333333333333,56.6666666666667,67.6666666666667,52,330.42,10,0,250,59.5666666666667,70.675,0,1,40,5,31.3636363636364,5,45.7142857142857,2,24,0,67.5
825875,19,2,"Woman",0,0,90,6,1,NA,5,"Divorced",3,2,1,90,20,0,0,82.6666666666667,92.6666666666667,83.1666666666667,96.1666666666667,86,NA,331.56,14.9,4.9,250,88.1333333333333,92.59,1,2,72,1,86.3636363636364,4,65,0,92.5,0,95
938861,18,1,"Woman",0,NA,90,6,9,6,5,"Together",7,0,0,250,20.6,0,0,79.3333333333333,78.3333333333333,82,96.6666666666667,89,76,253.09,15,5,250,85.0666666666667,90.3,1,7,72,9,61.8181818181818,8,60.7142857142857,2,97,2,95.8333333333333
480961,20,3,"Woman",0,1,100,6,2,6,6,"Divorced",7,1,2,120,12,0,0,70.6666666666667,61,66.1666666666667,65,69.3333333333333,70,266.91,10,0,250,68.2333333333333,77.175,0,0,68.5,0,63.6363636363636,1,53.5714285714286,1,50,0,65
499213,19,2,"Other",0,1,90,6,4,3,3,"Single",2,2,1,120,7,0,1,73.1666666666667,43.5,58.1666666666667,79.3333333333333,69.3333333333333,48,253.2,15,5,250,65.6,75.7,1,3,92,6,27.7272727272727,1,43.5714285714286,3,64,1,45
441521,20,3,"Man",0,1,90,6,4,5,5,"Together",3,1,1,120,10,0,0,95.6666666666667,75,81.1666666666667,76,82.3333333333333,84,271.35,15,5,250,83.8333333333333,89.375,1,1,93,5,50,10,45,1,97,0,64.1666666666667
115362,20,2,"Woman",0,1,100,6,2,6,6,"Together",7,0,1,180,12,0,0,92,81.3333333333333,79.3333333333333,89.3333333333333,86.3333333333333,82,283.97,15,5,250,86.2,91.15,1,1,82,0,90.9090909090909,4,71.4285714285714,1,100,0,80
607016,18,1,"Woman",0,1,100,6,2,4,4,"Divorced",1,2,1,480,15,0,1,67.3333333333333,69,NA,55.3333333333333,77.3333333333333,66,266.08,10,0,250,67,76.25,0,1,67,0,46.3636363636364,NA,NA,2,41,1,81.6666666666667
352138,18,1,"Woman",0,0,100,6,3,2,NA,"Together",7,2,1,90,20,0,1,78.5,72.5,72.8333333333333,81.3333333333333,73.1666666666667,60,364.32,10,0,250,75.6666666666667,82.75,0,6,74,4,68.6363636363636,2,42.1428571428571,2,98,1,76.25
557781,20,2,"Other",0,0,100,6,3,5,5,"Divorced",6,2,0,360,16,0,0,87.6666666666667,86.8333333333333,94,97.3333333333333,92.6666666666667,NA,323.8,15,5,250,91.7,95.275,1,2,89,8,95,6,82.8571428571429,1,92,0,81.6666666666667
844340,21,3,"Woman",0,0,90,4,4,3,3,"Together",4,2,1,240,2.12,0,1,67.5,NA,55.8333333333333,58.6666666666667,51.5,46,320.28,10,0,250,55.9,67.925,0,0,79.5,NA,NA,0,57.8571428571429,0,62,0,72.0833333333333
124193,20,2,"Woman",0,1,99,6,2,5,5,"Separated",7,2,2,200,20,0,0,87,88.1666666666667,92.3333333333333,76.6666666666667,91.6666666666667,82,288.46,10,0,250,88.2333333333333,92.175,0,2,91,3,87.7272727272727,2,72.8571428571428,3,53,1,100
839513,18,1,"Woman",0,1,95,6,2,6,6,"Together",3,3,0,180,10,0,0,78.6666666666667,89.3333333333333,86.8333333333333,NA,73,66,234.12,10,0,234.12,78.7666666666667,83.487,0,3,84,0,98.1818181818182,1,83.5714285714286,NA,NA,0,76.6666666666667
582644,18,1,"Woman",0,1,100,6,3,4,6,"Divorced",3,0,1,180,35,0,1,91.5,88.8333333333333,89.6666666666667,89,93.6666666666667,NA,337.75,14.9,4.9,250,90.5333333333333,94.39,1,2,93,2,87.7272727272727,1,67.1428571428571,0,94,0,96.6666666666667
205295,20,1,"Woman",1,0,20,1,3,NA,NA,"Together",7,1,2,360,16,0,NA,87.3333333333333,95.1666666666667,91,93.6666666666667,90.3333333333333,NA,265.59,10,0,250,91.5,94.625,0,7,68,4,89.5454545454545,2,62.8571428571429,3,88,0,85.8333333333333
128513,20,2,"Man",0,1,100,6,2,5,5,"Together",7,1,0,145,13,0,0,NA,66.3333333333333,46.3333333333333,79.6666666666667,82,80,260.37,11,1,250,70.8666666666667,79.25,1,NA,NA,0,57.2727272727273,1,10,0,71,0,85.8333333333333
439234,20,3,"Woman",0,0,90,6,4,3,NA,"Together",4,2,1,60,62,0,1,74.6666666666667,83,79.1666666666667,96.6666666666667,92.3333333333333,82,364.77,15,5,250,86.6333333333333,91.475,1,3,71,5,82.7272727272727,2,42.1428571428571,3,94,0,85.8333333333333
687844,19,1,"Man",0,1,95,6,5,6,5,"Together",7,0,0,120,25,0,0,92,89.8333333333333,88.3333333333333,90.3333333333333,91.1666666666667,NA,285.35,10,0,250,90.3333333333333,93.75,0,3,92.5,1,75,4,55.7142857142857,2,85,0,91.25
907718,18,1,"Woman",1,0,80,6,3,5,6,"Together",7,0,0,240,40,0,0,91.6666666666667,92.1666666666667,94.8333333333333,88,99.8333333333333,NA,318.45,14.9,4.9,250,93.3,96.465,1,1,69,3,87.7272727272727,7,77.8571428571429,7,87,1,99.5833333333333
120124,18,1,"Man",0,1,80,6,9,6,6,"Together",7,0,0,45,9.5,0,0,93,88.7533333333333,93.1666666666667,96,98.3333333333333,NA,297.13,15,5,250,93.8506666666667,96.888,1,6,85,7,89.5454545454545,6,82.1428571428571,3,96,1,95.8333333333333
846172,21,4,"Woman",0,1,100,6,4,3,NA,"Together",7,2,2,360,10,0,1,54.3333333333333,51.6666666666667,66.6666666666667,62,67,NA,269.33,15,5,250,60.3333333333333,71.75,1,0,55,0,33.6363636363636,1,35.7142857142857,0,37,0,64.1666666666667
841731,20,2,"Man",0,1,100,6,2,4,4,"Together",6,1,2,180,15,0,1,78.6666666666667,79.5,94.6666666666667,68.3333333333333,83.5,82,257.87,10,0,250,83.6666666666667,88.75,0,3,64,2,67.7272727272727,3,90.7142857142857,0,56,0,81.25
700670,18,1,"Man",0,0,100,6,9,5,5,"Together",7,2,0,50,12,0,0,87.6666666666667,83.8333333333333,79.8333333333333,89,79.6666666666667,84,389.15,15,5,250,84.8666666666667,90.15,1,5,74,1,90.4545454545455,7,66.4285714285714,1,89,0,74.1666666666667
646067,18,1,"Man",0,1,100,6,4,2,3,"Together",3,2,1,300,40,0,1,92.3333333333333,94.3333333333333,81.3333333333333,88.3333333333333,85.6666666666667,NA,302.88,14.5,4.5,250,88.4,92.75,1,5,99,7,85.4545454545455,9,40,5,87,0,91.6666666666667
666059,19,2,"Woman",0,1,100,6,4,3,4,"Divorced",5,2,1,360,50,0,1,96.3333333333333,91.6666666666667,NA,94,92.5,78,294.28,10,0,250,90.5,93.875,0,0,83,0,90,NA,NA,0,99,0,81.25
706979,19,1,"Woman",0,1,100,6,2,5,4,"Divorced",6,0,0,90,30,0,1,92.1666666666667,88,96.6666666666667,85.6666666666667,92.6666666666667,NA,368.61,10,0,250,91.0333333333333,94.275,0,2,93,3,79.0909090909091,2,85.7142857142857,2,98,0,84.1666666666667
504530,20,3,"Man",0,0,90,6,9,4,4,"Together",6,2,1,120,30,1,1,86.8333333333333,70,78.6666666666667,87.3333333333333,83.6666666666667,70,326.29,15,5,250,81.3,87.475,1,0,86,2,80,0,87.1428571428571,1,89,1,74.1666666666667
214276,21,2,"Man",1,0,30,3,3,2,4,"Together",7,0,0,180,7,0,1,70,80.8333333333333,54.5,81.6666666666667,72.5,68,299.39,10,0,250,74.6,81.95,0,5,80,6,60.4545454545455,7,0,5,92,2,53.75
805091,19,2,"Woman",0,1,90,6,3,5,5,"Together",6,2,1,180,4,0,0,65.3333333333333,73.5,68,68.5,92.6666666666667,68,253.41,14.9,4.9,250,74.1333333333333,82.09,1,5,75,4,62.2727272727273,4,47.1428571428571,5,72.5,2,87.5
100168,19,2,"Man",1,0,50,6,3,6,6,"Together",7,0,0,300,15,0,0,81.1666666666667,82.6666666666667,80,78.6666666666667,88.6666666666667,82,334.48,15,5,250,82.9,88.675,1,1,78.5,3,75.4545454545455,4,57.1428571428571,2,76,0,81.6666666666667
690059,20,3,"Man",0,NA,90,6,3,4,4,"Together",NA,2,NA,40,10,0,1,NA,NA,85.1666666666667,87.3333333333333,96.6666666666667,90,325.99,14.9,4.9,250,71.8333333333333,80.365,1,NA,NA,NA,NA,3,42.1428571428571,2,76,0,100
862880,19,1,"Woman",0,0,100,6,3,3,NA,"Together",7,0,0,1200,0.83,0,1,87,85.3333333333333,69.8333333333333,NA,75.5,82,251.14,10,0,250,79.9333333333333,85.95,0,1,69,0,91.8181818181818,1,53.5714285714286,NA,NA,0,72.0833333333333
745036,21,3,"Man",1,0,80,3,3,5,6,"Together",4,0,0,90,8,0,0,71.8333333333333,74.6666666666667,73.5,54,57,66,209.56,10,0,209.56,68.6,73.406,0,0,86,0,47.2727272727273,0,35,0,52,0,62.5
370378,20,1,"Woman",1,0,40,NA,NA,NA,NA,"Together",NA,NA,NA,180,1.5,0,NA,68,63.8333333333333,87.8333333333333,89.6666666666667,74.5,NA,291.37,15,5,250,76.7666666666667,84.075,1,6,49,4,52.2727272727273,12,57.8571428571429,16,97,2,77.0833333333333
297437,18,2,"Other",0,1,100,6,4,2,4,"Single",3,2,1,100,8,0,1,86.6666666666667,55.6666666666667,65.3333333333333,67,66.6666666666667,70,314.93,10,0,250,71.1333333333333,79.35,0,5,73,4,41.8181818181818,5,15.7142857142857,7,56,2,46.6666666666667
840463,18,1,"Woman",0,1,100,4,3,NA,NA,"Together",7,1,0,120,20,0,NA,73.8333333333333,81.1666666666667,78.3333333333333,87.3333333333333,92.6666666666667,78,340.29,14.9,4.9,250,83.5,89.115,1,7,77.5,12,61.3636363636364,19,38.5714285714286,4,96,2,87.5
267132,20,2,"Man",0,1,99,6,2,NA,4,"Separated",3,1,1,120,4.5,0,1,63.6666666666667,68.3333333333333,89.3333333333333,49.6666666666667,76,NA,299.43,10,0,250,69.4,78.05,0,0,73,0,51.8181818181818,0,82.8571428571429,1,42,0,69.1666666666667
566878,20,3,"Man",0,1,100,6,4,5,4,"Together",7,1,1,180,35,1,1,79.5,77.3333333333333,74.1666666666667,73.6666666666667,77.6666666666667,NA,265.72,14.9,4.9,250,76.4666666666667,83.84,1,0,95,1,81.8181818181818,0,27.8571428571429,0,60,0,62.5
270982,19,1,"Man",0,0,90,6,3,4,4,"Together",7,2,0,20,23,0,1,60.3333333333333,65.5,77.6666666666667,56,76,78,391.42,14.8,4.8,250,71.5,80.105,1,4,45,4,56.8181818181818,11,50,3,29,5,74.1666666666667
925742,18,1,"Man",0,1,100,6,3,5,6,"Together",7,0,0,120,10,0,0,75.1666666666667,91.3333333333333,84,93.1666666666667,82.3333333333333,80,250.81,5,0,250,86.1666666666667,90.125,0,0,71,1,81.8181818181818,1,60,0,91.5,0,80
221958,21,3,"Woman",0,0,90,5,3,3,3,"Together",2,2,1,300,10,0,1,82.1666666666667,77.6666666666667,78.3333333333333,74.3333333333333,NA,72,278.51,10,0,250,76.9,83.675,0,0,82.5,0,79.0909090909091,0,44.2857142857143,0,73,NA,NA
920586,19,2,"Woman",1,0,30,3,3,5,5,"Together",7,1,2,200,4,0,0,NA,44.8333333333333,73.5,59,77.3333333333333,66,317.78,10,0,250,64.1333333333333,74.1,0,NA,NA,1,15,1,52.1428571428571,0,36,1,72.5
840605,20,2,"Woman",0,0,95,6,9,6,6,"Together",7,0,0,95,14,0,0,45.6666666666667,59.3333333333333,64.8333333333333,54.6666666666667,73.6666666666667,72,317.47,14.9,4.9,250,64.9,75.165,1,2,18,4,61.8181818181818,2,56.4285714285714,1,62,0,74.1666666666667
992343,22,4,"Woman",0,0,100,6,4,3,3,"Together",1,2,1,300,3,0,1,42.6666666666667,45.6666666666667,NA,37.6666666666667,52.6666666666667,54,346.14,10,0,250,46.5333333333333,60.9,0,0,55,0,39.0909090909091,NA,NA,1,8,0,58.3333333333333
548019,18,1,"Other",0,1,100,6,2,6,5,"Together",6,0,1,120,4,0,0,73.5,92.3333333333333,87.1666666666667,76.3333333333333,83.1666666666667,70,262.63,10,0,250,82.5,87.875,0,2,84.5,0,90,1,56.4285714285714,0,78,0,84.5833333333333
927645,19,2,"Man",0,1,100,6,1,5,5,"Together",6,2,2,120,8,0,0,68.3333333333333,64.3333333333333,87.6666666666667,69,79.6666666666667,54,264.95,10,0,250,73.8,81.35,0,2,76,1,50,3,72.8571428571428,0,75,1,82.5
806039,18,1,"Woman",0,0,95,4,4,4,3,"Together",5,2,1,180,25,0,1,77.6666666666667,79.8333333333333,88.3333333333333,84,91.3333333333333,72,361.5,15,5,250,84.2333333333333,89.675,1,6,88,11,79.5454545454545,7,67.1428571428571,10,81,1,95.8333333333333
980357,20,2,"Woman",1,0,75,6,4,6,5,"Separated",7,1,1,100,9,0,0,75.3333333333333,65.3333333333333,NA,84.6666666666667,77.6666666666667,84,261.86,5,0,250,77.4,83.55,0,3,77,2,59.0909090909091,NA,NA,3,72,1,87.5
316657,19,1,"Woman",0,1,100,6,4,3,3,"Together",6,2,1,180,28,0,1,88.1666666666667,78.1666666666667,91,90.6666666666667,95,NA,365,14.9,4.9,250,88.6,92.94,1,5,92.5,12,69.5454545454545,8,70,2,94,0,92.5
574860,21,4,"Woman",0,1,95,6,2,5,4,"Together",1,0,0,250,20,1,1,77.3333333333333,87.3333333333333,87.1666666666667,84.6666666666667,92.3333333333333,NA,278.05,10,0,250,85.7666666666667,90.325,0,4,81,6,77.2727272727273,4,92.1428571428571,3,86,1,95.8333333333333
484728,22,5,"Man",0,1,100,6,2,4,4,"Together",3,2,0,90,10,0,1,82.6666666666667,88.5,76.3333333333333,77.5,79.5,82,253.83,14.9,4.9,250,82.0333333333333,88.015,1,0,66,0,77.7272727272727,2,58.5714285714286,0,62.5,0,72.5
238823,20,3,"Man",0,1,100,6,3,5,5,"Together",7,1,2,120,3,0,0,89.6666666666667,89,88.3333333333333,94.6666666666667,95.6666666666667,NA,309.14,15,5,250,91.4666666666667,95.1,1,4,79,3,91.8181818181818,2,50,3,98,0,92.5
936273,20,3,"Woman",0,1,100,6,2,6,6,"Together",7,0,0,287,12,0,0,84,65,88,85.1666666666667,87.6666666666667,NA,330.88,10,0,250,81.9666666666667,87.475,0,2,84,0,48.1818181818182,1,64.2857142857143,0,73.5,0,86.6666666666667
822014,18,1,"Woman",1,0,50,3,3,6,6,"Together",6,0,0,240,50,0,0,80.6666666666667,85.6666666666667,95.1666666666667,77.3333333333333,84.6666666666667,84,343.49,15,5,250,86.0333333333333,91.025,1,3,87,5,71.8181818181818,6,85,5,64,3,69.1666666666667
843535,21,3,"Woman",0,1,100,5,4,2,NA,"Together",6,2,1,120,11,0,1,56.6666666666667,80.6666666666667,77.6666666666667,66,77.6666666666667,68,266.08,10,0,250,74,81.5,0,0,43,0,52.7272727272727,2,48.5714285714286,0,60,0,60.8333333333333
690036,20,2,"Woman",1,0,20,4,3,6,6,"Divorced",7,0,1,120,10,0,0,78.6666666666667,82.8333333333333,95.3333333333333,85.8333333333333,73.8333333333333,66,335.14,15,5,250,83.3,88.975,1,3,64,9,76.8181818181818,3,85.7142857142857,2,85.5,4,76.25
912689,20,3,"Woman",0,1,100,6,2,6,5,"Together",5,0,0,60,25,1,0,74.8333333333333,77,66.6666666666667,73.3333333333333,73,78,297.76,10,0,250,75.2333333333333,82.425,0,0,76,1,88.1818181818182,0,47.1428571428571,0,74,0,50
756469,20,3,"Man",1,0,30,3,3,6,5,"Together",6,0,0,200,14,0,0,75,75.3333333333333,83.6666666666667,80.5,92,94,392.92,14.7,4.7,250,85.1,90.295,1,1,63,0,70.9090909090909,1,75,2,87.5,0,92.5
186775,19,2,"Man",0,1,95,6,8,4,6,"Together",7,2,1,45,84,0,1,80.3333333333333,74.5,50.8333333333333,97.3333333333333,86,NA,278.4,10,0,250,77.8,84.35,0,2,80,2,77.7272727272727,3,13.5714285714286,1,96,1,77.5
342170,18,1,"Woman",0,1,65,4,4,3,4,"Together",7,2,0,240,24,0,1,61.6666666666667,54,70.6666666666667,75.8333333333333,58.6666666666667,72,392.83,14,4,250,67.7666666666667,77.225,1,3,50,2,35.4545454545455,2,40,0,84.5,0,50.8333333333333
914016,20,3,"Woman",0,1,50,6,3,2,3,"Together",7,2,1,200,14,0,1,63,72.6666666666667,68.5,72.5,57.3333333333333,64,270.33,10,0,250,68.1333333333333,77.1,0,3,85,1,74.5454545454545,0,45,0,79.5,0,56.6666666666667
843368,18,1,"Woman",0,0,95,5,4,3,3,"Together",6,2,2,90,28,0,1,64.3333333333333,79.8333333333333,82.3333333333333,87,87.3333333333333,66,336.05,10,0,250,80.5,86.375,0,8,49,3,70.4545454545455,5,70,3,89,1,82.5
172263,19,2,"Woman",0,0,100,6,9,6,5,"Together",7,0,0,180,40,0,0,90.8333333333333,79.6666666666667,92.5,97.3333333333333,88.3333333333333,NA,252.52,14.9,4.9,250,89.7333333333333,93.79,1,5,93,3,86.3636363636364,7,79.2857142857143,2,98,1,75.8333333333333
710489,18,1,"Man",0,1,100,6,4,2,4,"Single",6,2,1,30,12,1,1,83.5,79.5,83.3333333333333,81.3333333333333,66,NA,250.63,10,0,250,78.7333333333333,85.05,0,1,86.5,1,55,0,51.4285714285714,0,92,0,56.6666666666667
277425,18,1,"Woman",0,1,100,6,4,NA,NA,"Single",5,2,1,40,10,0,NA,71.3333333333333,64.5,70.8333333333333,82,83.3333333333333,NA,301.26,15,5,250,74.4,82.3,1,6,55,4,53.1818181818182,5,36.4285714285714,4,96,0,87.5
469937,22,4,"Woman",0,0,99,6,3,3,3,"Together",7,3,0,180,7,0,1,87.6666666666667,94.1666666666667,92.5,85.6666666666667,91.1666666666667,NA,265.19,10,0,250,90.2333333333333,93.675,0,2,69,4,84.0909090909091,1,82.1428571428571,3,87,0,87.9166666666667
681486,20,2,"Woman",1,0,30,4,3,3,4,"Together",7,1,0,75,35,0,1,68.3333333333333,84.5,76.5,74.6666666666667,70.6666666666667,NA,253.17,10,0,250,74.9333333333333,82.2,0,1,57,2,92.2727272727273,2,79.2857142857143,1,96,0,67.5
575085,18,1,"Man",1,0,20,2,3,5,5,"Together",7,1,2,300,25,0,0,NA,53,65.3333333333333,57.3333333333333,91,52,299.51,10,0,250,63.7333333333333,73.8,0,NA,NA,1,34.5454545454545,4,60,1,54,0,85.8333333333333
340708,20,2,"Woman",1,0,40,3,3,5,5,"Together",7,0,0,300,3,0,0,61.3333333333333,63,56,74.3333333333333,71,68,372.95,10,0,250,67.5333333333333,76.65,0,1,67,0,46.3636363636364,0,15.7142857142857,1,60,1,50.8333333333333
980587,18,1,"Woman",0,1,100,6,3,4,5,"Together",7,0,0,90,21,0,1,91.8333333333333,95,91.5,92,90.6666666666667,NA,389.29,10,0,250,92.2,95.15,0,2,92.5,10,86.3636363636364,3,89.2857142857143,2,98,1,87.5
335736,21,3,"Woman",0,0,100,4,NA,2,NA,"Together",7,2,1,180,33,1,1,NA,70.6666666666667,81,85.3333333333333,90.3333333333333,74,241.58,10,0,241.58,80.2666666666667,85.358,0,NA,NA,11,69.0909090909091,9,47.1428571428571,7,80,3,87.5
190892,20,3,"Woman",0,1,99,6,2,6,6,"Together",5,0,0,80,25,0,0,60.6666666666667,59.5,76.3333333333333,64,65,56,340.85,15,5,250,65.1,75.325,1,0,49,1,24.0909090909091,0,40,0,56,0,62.5
447538,20,3,"Woman",0,1,100,6,2,6,6,"Together",7,0,0,60,15,0,0,88.5,85.8333333333333,95.5,87.8333333333333,95.6666666666667,NA,277.7,10,5,250,90.6666666666667,94,1,2,87.5,6,79.5454545454545,4,80.7142857142857,3,78.5,1,94.1666666666667
859374,20,1,"Man",1,0,50,6,3,2,4,"Together",7,0,0,100,5,0,1,88.6666666666667,81.6666666666667,87.3333333333333,90.6666666666667,98.3333333333333,NA,256.06,15,5,250,89.3333333333333,93.5,1,3,88,7,75.4545454545455,9,85.7142857142857,7,86,1,100
139950,18,1,"Woman",1,1,90,6,4,6,6,"Together",7,0,0,240,5.5,0,0,48.6666666666667,83.3333333333333,78.8333333333333,82.6666666666667,85.6666666666667,74,321.45,15,5,250,80.9,87.175,1,1,56,1,83.6363636363636,1,35,0,86,0,81.6666666666667
229553,20,3,"Man",1,0,50,5,3,5,5,"Divorced",7,0,0,180,10,0,0,83.5,89.5,84,71.3333333333333,74.8333333333333,NA,297.21,10,0,250,80.6333333333333,86.475,0,0,93,1,74.0909090909091,1,62.8571428571429,2,70,0,73.75
218653,19,2,"Woman",1,0,60,4,3,NA,5,"Divorced",7,0,0,60,8,0,0,89.5,97.3333333333333,96.1666666666667,85.3333333333333,77.6666666666667,NA,319.69,10,0,250,89.2,92.9,0,2,86.5,2,93.6363636363636,1,95,2,98,1,87.5
487505,18,1,"Man",0,1,95,6,4,5,6,"Together",6,2,0,120,13,1,0,51,64.6666666666667,66.1666666666667,65,66.5,NA,361.54,10,0,250,62.6666666666667,73,0,0,34,0,63.6363636363636,0,40.7142857142857,0,57,0,58.75
237582,20,2,"Woman",0,0,100,5,3,NA,1,NA,4,2,1,180,20,0,1,70.1666666666667,73,69.6666666666667,68,56.8333333333333,64,371.93,10,0,250,68.9666666666667,77.725,0,1,69,2,51.8181818181818,1,47.1428571428571,1,66,0,47.0833333333333
805441,20,2,"Woman",0,0,90,6,NA,2,3,"Together",6,0,1,20,7.5,0,1,47.6666666666667,42.6666666666667,78.1666666666667,62.3333333333333,68.8333333333333,40,386.74,14.7,4.7,250,59.9333333333333,71.42,1,9,56,6,25.4545454545455,5,43.5714285714286,6,52,3,63.75
570810,20,3,"Woman",0,0,100,5,4,3,3,"Together",6,2,1,120,10,0,1,69,82.5,82.8333333333333,79,70,74,307.31,14.9,4.9,250,77.6666666666667,84.74,1,8,73,6,83.1818181818182,4,65,2,61,2,68.3333333333333
840840,22,4,"Man",0,0,95,6,4,3,NA,"Together",3,2,0,720,12.33,1,1,73.6666666666667,NA,86.8333333333333,68.1666666666667,84.6666666666667,NA,354.33,10,0,250,62.6666666666667,73,0,0,75,NA,NA,2,72.1428571428571,1,71.5,0,88.3333333333333
147145,18,1,"Woman",1,0,75,4,3,6,6,"Divorced",NA,NA,2,180,18.5,0,0,49,64.1666666666667,70.5,59.8333333333333,57.3333333333333,52,319.11,10,0,250,60.7666666666667,71.575,0,0,52,0,38.6363636363636,0,30.7142857142857,0,48.5,0,41.6666666666667
758184,20,3,"Woman",0,1,100,6,3,5,6,"Together",6,0,1,120,3,0,0,86.6666666666667,88.1666666666667,92.8333333333333,89.6666666666667,NA,72,284.46,10,0,250,85.8666666666667,90.4,0,5,80,5,93.1818181818182,4,80.7142857142857,3,83,NA,NA
485565,18,1,"Woman",0,1,100,6,9,5,6,"Divorced",7,0,0,240,20,0,0,86.6666666666667,82.1666666666667,85,87.8333333333333,94.6666666666667,78,348.22,15,5,250,87.2666666666667,91.95,1,0,77,0,87.7272727272727,1,87.8571428571429,0,93.5,0,94.1666666666667
737475,19,3,"Woman",1,0,40,4,3,5,5,"Together",7,0,0,300,56,0,0,93.6666666666667,91.3333333333333,91,95.6666666666667,95.6666666666667,NA,301.46,10,0,250,93.4666666666667,96.1,0,6,95,7,89.0909090909091,7,72.8571428571428,4,99,1,98.3333333333333
324135,19,2,"Man",0,0,95,6,5,5,6,"Together",7,0,0,120,21,0,0,78.3333333333333,80.6666666666667,76.3333333333333,69.6666666666667,80.5,NA,313.91,10,0,250,77.1,83.825,0,1,66,1,70,1,41.4285714285714,1,64,1,71.25
999023,19,2,"Woman",0,1,100,6,4,4,5,"Together",6,0,0,300,30,0,1,84,77.6666666666667,85.3333333333333,91.5,85,74,270.2,10,0,250,84.7,89.525,0,3,88,3,80,2,54.2857142857143,4,91.5,3,79.5833333333333
116312,19,2,"Woman",0,1,100,6,2,2,NA,"Together",6,0,0,360,13,0,1,59,78.8333333333333,73.5,66.3333333333333,75.3333333333333,78,257.75,10,0,250,74.4,81.8,0,1,35,3,80.4545454545455,2,36.4285714285714,1,61,0,69.1666666666667
273032,18,1,"Man",0,1,80,6,3,6,5,"Together",6,0,0,120,18,0,0,74.6666666666667,71,71.6666666666667,78.6666666666667,58.1666666666667,NA,248.62,10,0,248.62,70.8333333333333,78.987,0,0,73,1,70,0,21.4285714285714,0,88,2,47.0833333333333
796250,19,2,"Woman",0,0,100,6,3,4,4,"Divorced",7,NA,1,300,30,0,1,87.8333333333333,87.5,89.1666666666667,90.6666666666667,80.6666666666667,NA,375.76,10,0,250,87.1666666666667,91.375,0,2,90.5,2,91.3636363636364,1,90.7142857142857,1,97,1,80
861958,20,3,"Man",0,1,95,6,3,5,5,"Together",6,0,0,180,12,0,0,79.3333333333333,72.8333333333333,84.8333333333333,90.6666666666667,79.8333333333333,NA,315.43,14.9,4.9,250,81.5,87.615,1,3,82.5,2,62.2727272727273,3,72.1428571428571,1,88,0,86.25
431825,19,2,"Woman",0,0,95,6,3,3,3,"Together",1,2,1,120,15,0,1,89,79,83,75.6666666666667,84,82,343.68,14.9,4.9,250,83.4,89.04,1,6,91,12,63.6363636363636,10,32.8571428571429,4,76,4,91.6666666666667
769753,19,2,"Woman",0,1,100,6,9,6,6,"Together",7,0,0,120,180,0,0,88,76.3333333333333,76,88,87.3333333333333,86,258.32,15,5,250,85.1333333333333,90.35,1,2,92.5,6,75.4545454545455,4,61.4285714285714,2,94,1,80
819157,19,2,"Woman",0,1,90,6,2,6,6,"Together",6,0,0,180,20,0,0,77.3333333333333,82.8333333333333,71.1666666666667,88,88.6666666666667,82,281.54,15,5,250,83.7666666666667,89.325,1,4,46,3,76.8181818181818,4,57.8571428571429,2,98,1,94.1666666666667
309943,20,3,"Woman",1,0,50,4,3,NA,NA,"Together",7,0,2,420,30,0,NA,82.1666666666667,90.8333333333333,89.6666666666667,84,74,76,250.75,10,0,250,84.5333333333333,89.4,0,1,92,2,80.4545454545455,3,87.1428571428571,3,91,1,60
820879,20,3,"Man",0,1,90,6,9,5,4,"Separated",4,3,0,16,25,0,1,84.3333333333333,83,67.8333333333333,91.3333333333333,90.6666666666667,82,273.38,15,5,250,86.2666666666667,91.2,1,3,70,3,73.6363636363636,3,36.4285714285714,2,94,1,91.6666666666667
975639,18,1,"Woman",0,0,100,6,4,3,3,"Together",3,2,1,350,900,0,1,68.1666666666667,72.3333333333333,76.3333333333333,74.6666666666667,77.6666666666667,72,316.66,10,0,250,74.6,81.95,0,0,70,0,86.3636363636364,0,41.4285714285714,0,60,0,70
327020,18,1,"Woman",0,1,100,5,9,5,6,"Together",7,0,0,120,30,0,0,97.6666666666667,94.1666666666667,91.3333333333333,94.3333333333333,79.1666666666667,NA,381.35,10,0,250,91.3333333333333,94.5,0,4,95,3,85,4,82.8571428571429,3,100,2,66.25
708858,20,3,"Man",0,1,95,6,2,5,5,"Together",6,0,2,180,4,1,0,49.3333333333333,70.3333333333333,47.5,76.3333333333333,67.6666666666667,NA,396.09,15,5,250,62.2333333333333,73.175,1,6,26,2,60.9090909090909,8,37.8571428571429,1,59,0,65
571323,21,3,"Woman",1,0,80,6,3,5,NA,"Divorced",6,0,0,560,5.33,0,0,81.3333333333333,71.1666666666667,72.8333333333333,66.6666666666667,49.6666666666667,NA,250.04,10,0,250,68.3333333333333,77.25,0,5,86,4,47.7272727272727,1,46.4285714285714,0,63,0,40.8333333333333
898473,20,3,"Woman",0,0,100,6,3,5,6,"Together",4,2,0,240,27.93,0,0,NA,NA,NA,NA,NA,NA,299.58,10,0,250,0,26,0,NA,NA,NA,NA,NA,NA,NA,NA,NA,NA
116004,18,1,"Other",0,1,95,5,9,6,5,"Together",6,1,0,90,25,0,0,96.3333333333333,93.8333333333333,99.6666666666667,94.3333333333333,100,NA,373.94,10,0,250,96.8333333333333,98.625,0,5,93,6,95,5,98.5714285714286,2,84,2,100
507880,19,1,"Man",0,0,70,6,3,5,5,"Together",7,1,0,70,5,0,0,88.6666666666667,93.6666666666667,84.1666666666667,85.3333333333333,93,NA,269.71,10,0,250,88.9666666666667,92.725,0,4,92,5,88.1818181818182,7,49.2857142857143,2,89,1,99.1666666666667
494166,20,3,"Woman",0,0,75,6,5,NA,5,"Divorced",1,2,1,60,2880,1,0,89,77.5,79,91.3333333333333,87.5,NA,277.19,15,5,250,84.8666666666667,90.15,1,3,91,4,75,6,55.7142857142857,2,94,0,86.25
132340,19,2,"Man",0,1,100,6,3,6,6,"Divorced",6,0,0,300,8,0,0,80.6666666666667,77,76.5,90.6666666666667,72.6666666666667,NA,307.2,15,5,250,79.5,86.125,1,3,74,1,59.0909090909091,2,63.5714285714286,1,96,1,66.6666666666667
917655,18,1,"Woman",0,1,100,6,2,6,5,"Divorced",7,0,0,225,38,0,0,82.1666666666667,87,90.3333333333333,97.3333333333333,79.6666666666667,76,351.41,15,5,250,87.3,91.975,1,4,78,5,82.7272727272727,5,75.7142857142857,1,100,0,85
676277,20,3,"Man",0,0,80,6,5,5,6,"Together",3,3,1,30,49,1,0,93.1666666666667,96,88,96.8333333333333,91,NA,255.47,15,5,250,93,96.25,1,1,92,6,90.9090909090909,5,65.7142857142857,2,98.5,0,90.8333333333333
411472,20,2,"Woman",0,0,95,4,4,4,3,"Divorced",3,2,2,60,NA,0,1,96,91.3333333333333,79.1666666666667,74.3333333333333,86.8333333333333,86,292,10,0,250,87.8666666666667,91.9,0,4,96,2,83.6363636363636,5,37.8571428571429,5,78,1,78.75
903345,19,1,"Woman",0,0,85,6,4,3,3,"Together",1,2,1,200,20,0,1,75.5,69,63.1666666666667,77.3333333333333,69.5,66,308.71,10,0,250,71.4666666666667,79.6,0,2,67,1,70,3,16.4285714285714,0,74,0,60
448698,18,1,"Woman",0,0,100,6,4,3,4,"Together",3,2,1,110,8.2,0,1,67,68.6666666666667,79,73.6666666666667,62,72,357.26,10,0,250,72.0666666666667,80.05,0,0,68,0,70,0,41.4285714285714,0,59,0,55
883903,20,3,"Man",0,0,100,6,1,4,4,"Separated",2,2,1,5,40,1,1,86.6666666666667,77.5,89.3333333333333,87.5,95.6666666666667,80,267.76,14.9,4.9,250,87.8333333333333,92.365,1,3,86,7,64.0909090909091,11,65.7142857142857,9,88.5,1,97.5
693045,19,2,"Woman",0,1,100,6,9,6,NA,"Together",6,2,0,30,12,0,0,72,76,76.5,79.6666666666667,77.3333333333333,NA,354,10,0,250,76.3,83.225,0,1,43,0,75,1,42.1428571428571,1,82,0,83.3333333333333
819135,20,3,"Woman",0,1,95,6,3,4,4,"Together",6,0,1,60,15,0,1,90.6666666666667,99.1666666666667,87.5,95,97,NA,353.67,15,5,250,93.8666666666667,96.9,1,5,70,4,97.7272727272727,3,60.7142857142857,3,92,1,92.5
583798,18,1,"Woman",0,0,90,6,4,3,3,"Separated",3,2,1,NA,22,0,1,68.3333333333333,76.1666666666667,84,69.8333333333333,78.1666666666667,78,344.89,10,0,250,77.2333333333333,83.925,0,1,67,0,71.3636363636364,2,57.1428571428571,0,76.5,0,75.4166666666667
162187,21,3,"Woman",0,1,100,6,9,5,5,"Together",7,0,0,120,25,0,0,81.8333333333333,77.1666666666667,80.1666666666667,83.3333333333333,NA,82,281.58,15,5,250,80.9,87.175,1,0,89,0,75.9090909090909,2,60.7142857142857,0,80,NA,NA
690064,19,2,"Woman",0,1,100,5,2,1,3,"Divorced",1,2,1,4,3,0,1,25.6666666666667,41.8333333333333,59.8333333333333,47.6666666666667,37.1666666666667,46,273.29,14.8,4.8,250,46.5,61.355,1,4,36,6,35.9090909090909,6,23.5714285714286,5,35,0,17.5
187418,19,2,"Man",0,0,100,5,2,3,3,"Together",3,2,1,100,30.3,0,1,94.1666666666667,85.5,82.8333333333333,90.6666666666667,78.3333333333333,NA,252.28,10,0,250,86.3,90.725,0,2,85,0,89.5454545454545,0,46.4285714285714,0,91,0,71.6666666666667
802566,18,1,"Woman",1,1,100,6,3,5,NA,"Together",7,0,0,30,6,0,0,61.5,50,76,64,79.3333333333333,84,294.23,10,0,250,72.9666666666667,80.725,0,2,71,1,45.4545454545455,1,57.1428571428571,7,60,3,90
518197,19,2,"Man",0,1,100,6,2,4,5,"Together",6,0,2,60,14,0,1,82.6666666666667,86,99,85.3333333333333,87.5,NA,349.81,15,5,250,88.1,92.575,1,5,82,9,83.6363636363636,4,95.7142857142857,3,94,1,72.0833333333333
635780,20,2,"Man",1,0,50,3,3,5,6,"Together",6,3,2,200,12,0,0,52.3333333333333,70.3333333333333,63.3333333333333,71.5,61,50,307.13,15,5,250,63.7,74.275,1,5,41,3,60.9090909090909,4,50,0,75.5,0,57.5
189428,22,3,"Woman",0,1,98,5,3,4,5,"Together",6,1,0,60,19,1,1,86.3333333333333,88.3333333333333,87.1666666666667,95.6666666666667,98,NA,377.34,14.9,4.9,250,91.1,94.815,1,3,65,3,75.4545454545455,5,92.1428571428571,1,98,1,100
627572,19,2,"Woman",0,1,95,NA,2,2,6,"Together",6,0,2,180,15,0,1,60,75.5,88,70,68,68,290.64,14.8,4.8,250,73.9,81.905,1,5,56,5,55,7,80,8,54,3,61.6666666666667
868406,22,3,"Woman",0,0,100,6,4,4,4,"Together",7,3,2,300,12,1,1,73.6666666666667,86.6666666666667,79.5,74.1666666666667,76,NA,365.83,10,0,250,78,84.5,0,0,85,0,84.5454545454545,0,43.5714285714286,0,71.5,0,66.6666666666667
124704,22,4,"Man",0,1,95,6,3,2,NA,"Together",4,2,1,120,20,0,1,59.3333333333333,81.1666666666667,84.6666666666667,64.3333333333333,81.1666666666667,NA,302.82,10,0,250,74.1333333333333,81.6,0,3,56,3,78.6363636363636,2,68.5714285714286,5,56,0,76.25
743784,18,1,"Woman",0,1,85,6,2,5,6,"Together",6,0,0,60,25,0,0,96.1666666666667,95.3333333333333,92.6666666666667,97.6666666666667,98.3333333333333,NA,357.85,15,5,250,96.0333333333333,98.525,1,11,90.5,12,90.9090909090909,10,91.4285714285714,9,97,1,98.3333333333333
177840,20,3,"Man",0,1,100,6,3,NA,NA,"Separated",2,2,1,60,15,0,NA,92.6666666666667,93.1666666666667,81.8333333333333,86.5,96.6666666666667,NA,312.63,14.8,4.8,250,90.1666666666667,94.105,1,0,98,1,90.4545454545455,1,42.1428571428571,1,94.5,1,93.3333333333333
935965,19,2,"Woman",0,0,95,6,3,NA,NA,"Divorced",7,2,1,120,25,0,NA,74.3333333333333,73.8333333333333,84.6666666666667,63.6666666666667,84.3333333333333,74,346.14,10,0,250,78.2333333333333,84.675,0,1,73,2,68.6363636363636,0,51.4285714285714,4,57,1,84.1666666666667
141625,18,1,"Woman",0,1,100,6,2,6,6,"Together",6,0,2,90,3,0,0,79.3333333333333,88.6666666666667,79.3333333333333,74.1666666666667,75.3333333333333,82,353.5,10,0,250,80.9333333333333,86.7,0,1,66,0,90.9090909090909,0,52.8571428571429,0,78.5,0,70
850664,20,3,"Man",0,1,90,6,2,6,5,"Together",6,0,0,180,20,1,0,52.3333333333333,63,65.5,61.6666666666667,63.6666666666667,52,368.37,15,5,250,61.2333333333333,72.425,1,3,43,8,31.8181818181818,4,26.4285714285714,3,47,3,54.1666666666667
868090,21,3,"Woman",0,1,100,6,3,5,NA,"Divorced",7,0,2,60,8,0,0,78.8333333333333,71,58.3333333333333,69.3333333333333,62.8333333333333,NA,255.76,10,0,250,68.0666666666667,77.05,0,1,84,0,50,0,74.2857142857143,0,77,0,56.6666666666667
362052,20,3,"Woman",0,1,95,6,3,6,5,"Divorced",7,0,2,300,40,0,0,63.8333333333333,63.8333333333333,78,75.5,80,NA,394,10,0,250,72.2333333333333,80.175,0,0,65.5,0,48.6363636363636,0,52.8571428571429,0,76.5,0,71.6666666666667
128016,20,2,"Man",0,1,90,6,2,5,6,"Together",6,0,0,90,5,0,0,58.8333333333333,68.8333333333333,75.1666666666667,36.3333333333333,65,68,263.86,14.75,4.75,250,67.1666666666667,76.85,1,4,62.5,4,51.3636363636364,1,43.5714285714286,2,29,1,75
879263,21,3,"Woman",0,0,85,5,3,5,5,"Together",6,2,0,80,2,1,0,73,88.5,86.8333333333333,88.6666666666667,79.5,84,360.82,10,0,250,85.5,90.125,0,9,69,4,83.1818181818182,2,60.7142857142857,3,86,1,82.0833333333333
100124,19,2,"Woman",1,0,70,5,3,5,5,"Together",7,0,0,180,13.3,0,0,66.3333333333333,73.1666666666667,56.8333333333333,56,69.5,58,354.4,10,0,250,64.7666666666667,74.575,0,1,51,1,69.5454545454545,0,42.1428571428571,0,45,0,66.25
259122,22,3,"Woman",0,0,100,5,4,3,NA,"Together",6,2,1,300,10,0,1,79.8333333333333,64.8333333333333,89.6666666666667,78.3333333333333,76.6666666666667,NA,255.08,10,0,250,77.8666666666667,84.4,0,1,76.5,0,54.0909090909091,0,78.5714285714286,0,86,0,74.1666666666667
868195,18,1,"Woman",0,1,100,6,3,6,6,"Together",7,0,0,60,2500,0,0,95.6666666666667,95.8333333333333,97.1666666666667,98.5,97,NA,354.64,15,5,250,96.8333333333333,99.125,1,1,91,4,89.5454545454545,3,93.5714285714286,1,97.5,0,92.5
761526,20,3,"Woman",0,0,95,6,4,NA,3,"Separated",1,2,0,120,20,0,1,72.3333333333333,81.8333333333333,87.8333333333333,80.6666666666667,84,72,345.42,10,0,250,81.3333333333333,87,0,2,84,4,54.0909090909091,0,53.5714285714286,0,88,0,90
364560,21,3,"Woman",0,0,100,5,4,4,NA,"Divorced",3,2,1,240,15,0,1,74,84.3333333333333,87.6666666666667,82.6666666666667,87.6666666666667,NA,375.86,10,0,250,83.2666666666667,88.45,0,1,61,1,73.6363636363636,1,64.2857142857143,0,94,0,80.8333333333333
882657,20,2,"Man",0,1,95,5,2,5,5,"Divorced",6,3,1,120,4.5,0,0,69,64.6666666666667,80.3333333333333,71,63.6666666666667,48,257.65,10,0,250,69.7333333333333,78.3,0,0,67,0,45.4545454545455,2,58.5714285714286,2,54,0,50
711460,18,1,"Woman",1,0,15,4,3,6,5,"Together",7,0,0,150,49,0,0,96,84.5,79.3333333333333,84.8333333333333,81,72,342,10,0,250,85.1333333333333,89.85,0,0,96,0,83.1818181818182,1,45.7142857142857,2,79.5,0,90.8333333333333
721359,19,2,"Woman",0,0,80,6,9,5,5,NA,6,1,2,120,35,0,0,80,96.8333333333333,86,93.6666666666667,89.6666666666667,NA,299.74,10,0,250,89.2333333333333,92.925,0,2,78,3,95,2,60,3,95,1,82.5
483406,19,2,"Woman",0,0,100,6,2,2,NA,"Together",2,2,1,NA,35,0,1,77.3333333333333,92.8333333333333,71.5,69.5,77,NA,403.5,10,0,250,77.6333333333333,84.225,0,1,75,0,91.3636363636364,0,29.2857142857143,0,41.5,0,68.3333333333333
375253,20,2,"Woman",1,0,50,3,3,2,3,"Together",7,0,0,300,7,0,1,71.1666666666667,72.3333333333333,80.6666666666667,84.6666666666667,NA,NA,272.55,10,0,250,61.7666666666667,72.325,0,3,57.5,4,60,4,64.2857142857143,1,78,NA,NA
951938,21,3,"Woman",0,1,90,6,2,6,4,"Together",7,0,0,240,20,0,1,86.6666666666667,86.6666666666667,90.8333333333333,87.3333333333333,89.1666666666667,NA,262.6,10,0,250,88.1333333333333,92.1,0,1,87,0,72.7272727272727,0,60.7142857142857,0,90,0,92.5
907662,20,2,"Woman",0,0,80,6,3,4,NA,"Together",2,2,1,2,5,0,1,57,67.3333333333333,69.1666666666667,56.3333333333333,77.6666666666667,40,373.5,10,0,250,65.5,75.125,0,2,52,2,44.5454545454545,0,42.1428571428571,2,64,0,66.6666666666667
829820,18,1,"Man",0,1,80,5,3,5,5,"Together",6,0,2,100,4,0,0,94.6666666666667,86,93.6666666666667,95.3333333333333,92.6666666666667,NA,289.33,15,5,250,92.4666666666667,95.85,1,0,96,6,80,1,84.2857142857143,0,100,0,94.1666666666667
783300,18,1,"Woman",0,1,100,5,3,2,4,"Together",6,0,0,180,14,0,1,77.6666666666667,88.5,96.1666666666667,92.3333333333333,92.6666666666667,NA,263.9,10,0,250,89.4666666666667,93.1,0,1,65,3,77.7272727272727,4,83.5714285714286,2,95,1,91.6666666666667
993306,23,5,"Woman",0,0,50,4,4,3,NA,"Together",3,2,1,40,10,0,1,68,61.8333333333333,65,74.3333333333333,72,NA,364.62,15,5,250,68.2333333333333,77.675,1,1,59,2,63.1818181818182,2,47.1428571428571,1,63,0,62.5
331418,18,1,"Woman",1,1,90,6,9,6,5,"Together",7,0,0,80,21,0,0,91.1666666666667,90.3333333333333,87.1666666666667,97.6666666666667,89.3333333333333,NA,283.22,10,0,250,91.1333333333333,94.35,0,2,92,5,82.7272727272727,3,72.1428571428571,2,100,1,85.8333333333333
585527,20,2,"Man",0,1,100,6,2,5,6,"Together",6,0,0,45,15,0,0,89.3333333333333,94.1666666666667,92.5,92.3333333333333,97.6666666666667,NA,385.62,10,0,250,93.2,95.9,0,4,88,7,91.3636363636364,6,79.2857142857143,8,91,0,100
467652,18,1,"Woman",0,0,100,3,4,3,4,"Together",6,0,1,120,16,0,1,68.6666666666667,78.3333333333333,91.6666666666667,85.3333333333333,92.6666666666667,78,267.46,10,0,250,85.2,89.9,0,3,86,1,68.1818181818182,1,70,1,60,0,91.6666666666667
398075,19,2,"Woman",0,0,100,6,4,3,NA,"Together",6,2,1,120,8.66,0,1,66,57.6666666666667,72.3333333333333,80.8333333333333,55.6666666666667,62,341.92,10,0,250,67.7666666666667,76.825,0,2,60,7,35.4545454545455,4,22.8571428571429,3,84.5,0,38.3333333333333
751500,19,1,"Woman",0,0,99,6,3,2,NA,"Separated",7,3,1,1.83,4,0,1,88.6666666666667,80.6666666666667,88.5,82.3333333333333,76.3333333333333,82,398,15,5,250,84.4333333333333,89.825,1,4,88,3,83.6363636363636,5,62.1428571428571,3,80,1,70
207486,18,1,"Man",0,1,97,6,2,6,6,"Together",6,0,0,90,10,0,0,95.6666666666667,92.1666666666667,95.5,95.6666666666667,82.2533333333333,NA,270.16,10,0,250,92.2506666666667,95.188,0,3,93,1,92.2727272727273,1,80.7142857142857,1,100,0,87.5
293634,18,1,"Woman",0,1,95,6,3,4,5,"Together",3,1,0,90,12,0,1,70.8333333333333,80.6666666666667,74.1666666666667,83.6666666666667,81.1666666666667,64,335.2,10,0,250,78.1,84.575,0,0,87.5,0,83.6363636363636,1,52.1428571428571,0,95,0,81.25
338073,18,1,"Woman",0,1,95,6,3,4,3,"Together",6,2,1,114,10.2,0,1,65.8333333333333,63.3333333333333,67,80.3333333333333,78.6666666666667,70,368.9,15,5,250,72.3666666666667,80.775,1,2,80.5,4,64.5454545454545,0,41.4285714285714,1,77,0,78.3333333333333
266622,24,5,"Woman",0,0,100,6,4,3,3,"Together",4,2,1,200,5,1,1,77.3333333333333,87.3333333333333,92.3333333333333,72.6666666666667,84.6666666666667,78,308.83,10,0,250,83.9333333333333,88.95,0,2,76,0,77.2727272727273,NA,NA,NA,NA,NA,NA
533181,42,3,"Woman",0,0,50,0,5,6,3,"Together",1,3,1,60,10,1,1,52,47.8333333333333,55.3333333333333,74,64.3333333333333,NA,336.75,13.7,3.7,250,58.7,70.395,1,1,51,3,27.7272727272727,3,57.1428571428571,4,90,0,55.8333333333333
126548,20,2,"Woman",0,1,100,6,3,6,5,"Together",7,0,NA,180,21,0,0,76,85.5,83.3333333333333,70.1666666666667,87,58,360.7,10,0,250,80.4,86.3,0,4,60,3,89.5454545454545,0,60,0,56.5,1,97.5
649892,20,2,"Woman",0,1,98,5,2,6,5,"Together",6,0,0,60,7,0,0,76.1666666666667,76.6666666666667,67.5,79.3333333333333,87.6666666666667,76,309.2,15,5,250,79.1666666666667,85.875,1,2,60.5,4,76.3636363636364,2,37.8571428571429,3,84,1,85.8333333333333
947959,19,2,"Woman",1,0,50,3,3,4,4,"Together",6,1,2,120,21,0,1,63,65.3333333333333,76,67.6666666666667,70.6666666666667,74,397.69,14.6,4.6,250,70.7333333333333,79.51,1,3,51,8,58.1818181818182,6,65.7142857142857,3,53,2,57.5
820889,20,3,"Woman",0,0,90,6,4,NA,NA,"Together",6,2,1,120,1200,0,NA,73.3333333333333,73.1666666666667,80.8333333333333,95.3333333333333,82,NA,276.97,10,0,250,80.9333333333333,86.7,0,2,58,3,46.8181818181818,4,47.8571428571429,7,96,1,91.6666666666667
353441,19,2,"Woman",0,0,80,6,9,4,NA,"Together",5,2,1,300,40.5,0,1,72.5,83,91.1666666666667,68.6666666666667,74.6666666666667,78,319.7,14.8,4.8,250,79.8666666666667,86.38,1,2,79,8,81.8181818181818,4,70.7142857142857,4,33,1,90.8333333333333
450272,20,3,"Woman",0,1,100,6,2,5,5,"Together",6,1,2,60,4,0,0,89.8333333333333,91.8333333333333,95,94.5,96,NA,330,15,5,250,93.4333333333333,96.575,1,3,86,4,81.3636363636364,1,84.2857142857143,2,97.5,0,94.1666666666667
882737,18,1,"Woman",0,1,99,6,2,3,4,NA,1,2,1,90,1.33,0,1,NA,57,54.8333333333333,74,52.5,62,344.7,14.8,4.8,250,60.0666666666667,71.53,1,NA,NA,1,63.6363636363636,4,23.5714285714286,0,82,0,46.25
652942,19,1,"Woman",0,0,80,6,2,6,5,"Together",7,3,0,90,3,0,0,89,82.6666666666667,87.8333333333333,90,86,76,373.83,14.9,4.9,250,87.1,91.815,1,2,77,4,78.1818181818182,6,47.8571428571429,1,88,2,84.1666666666667
980127,20,3,"Woman",0,1,100,6,2,3,4,"Together",6,0,0,45,10,0,1,85.6666666666667,78.1666666666667,93.3333333333333,85.5,83.6666666666667,NA,301.47,15,5,250,85.2666666666667,90.45,1,6,87,3,63.1818181818182,4,91.4285714285714,2,98.5,1,73.3333333333333
891202,18,1,"Other",0,1,90,6,9,6,5,"Together",7,1,2,60,6,0,0,86,93.5,91.8333333333333,94.6666666666667,93.6666666666667,NA,311.79,14.9,4.9,250,91.9333333333333,95.44,1,2,91,2,93.1818181818182,4,77.8571428571429,1,98,0,100
978499,19,2,"Woman",0,1,100,6,4,4,6,"Together",6,0,0,180,8,0,1,67.6666666666667,76.6666666666667,78.6666666666667,71,79.6666666666667,64,273.55,10,0,250,74.7333333333333,82.05,0,5,47,6,65.4545454545455,6,50,5,71,2,55.8333333333333
515838,21,3,"Woman",0,1,95,6,2,2,4,"Together",6,1,1,120,10,0,1,56.6666666666667,59.3333333333333,53.5,83.6666666666667,64.6666666666667,NA,253.36,15,5,250,63.5666666666667,74.175,1,1,68,0,46.3636363636364,1,43.5714285714286,1,79,0,50
808560,21,3,"Woman",1,1,100,6,3,5,6,"Together",7,0,0,240,60,0,0,68.3333333333333,77.5,85.5,85.3333333333333,78.8333333333333,72,269.63,15,5,250,79.8333333333333,86.375,1,5,55,6,49.5454545454545,3,60.7142857142857,1,88,4,69.5833333333333
669717,19,2,"Woman",0,1,100,6,3,5,5,"Together",2,1,1,180,35,0,0,91.3333333333333,94.3333333333333,91.3333333333333,95,92,NA,365.75,14.9,4.9,250,92.8,96.09,1,2,95,3,88.1818181818182,4,68.5714285714286,2,93,1,80
909875,21,3,"Man",0,1,100,6,3,5,5,"Together",6,0,0,45,9,1,0,80.6666666666667,87.5,84,82.8333333333333,85.6666666666667,88,255.49,15,5,250,85.6,90.7,1,1,76,1,89.5454545454545,2,42.8571428571429,0,65.5,2,82.5
644205,20,3,"Woman",0,1,85,5,3,5,NA,"Divorced",7,2,1,240,20,0,0,74.6666666666667,70.8333333333333,71.8333333333333,75.8333333333333,82.6666666666667,82,361.57,14.9,4.9,250,77.4,84.54,1,8,94,2,73.1818181818182,6,29.2857142857143,4,65.5,0,79.1666666666667
780541,19,2,"Woman",1,0,10,3,7,6,5,"Together",7,1,2,240,50,0,0,89,95.8333333333333,89.5,86.5,83.6666666666667,NA,355.87,15,5,250,88.9,93.175,1,3,95,3,88.6363636363636,7,66.4285714285714,2,95.5,0,95.8333333333333
257545,19,2,"Woman",1,0,50,3,3,NA,NA,"Together",7,1,2,180,180,0,NA,79.1666666666667,74.1666666666667,86.8333333333333,75,74.6666666666667,NA,252.8,10,0,250,77.9666666666667,84.475,0,4,92,5,49.5454545454545,3,80.7142857142857,1,78,0,81.6666666666667
863048,22,4,"Man",0,1,95,6,2,NA,NA,"Divorced",NA,2,1,60,35,0,NA,86,91.6666666666667,90.8333333333333,68.8333333333333,84.8333333333333,74,267.24,10,0,250,85.4666666666667,90.1,0,1,78.5,1,80.9090909090909,0,72.1428571428571,5,50.5,0,74.5833333333333
127794,21,2,"Woman",1,0,37.5,4,5,5,5,"Together",7,0,0,300,28,0,0,67.6666666666667,76.1666666666667,69.1666666666667,64.6666666666667,80.5,52,281.85,10,0,250,71.6333333333333,79.725,0,1,69,1,57.7272727272727,0,47.1428571428571,1,84,1,81.25
972609,18,1,"Woman",0,0,60,6,4,2,NA,"Together",6,2,1,120,40,0,1,33,79.1666666666667,72.3333333333333,77,79,50,413.5,14.8,4.8,250,71.5,80.105,1,0,28,5,64.0909090909091,5,24.2857142857143,1,83,0,85.8333333333333
878824,19,2,"Woman",0,1,98,6,2,4,4,"Together",7,1,0,60,74,0,1,89.5,72,NA,92.1666666666667,93,90,320.73,14.9,4.9,250,87.3333333333333,91.99,1,3,90,7,67.2727272727273,NA,NA,4,90.5,5,85
166548,19,2,"Woman",1,1,100,6,9,6,6,"Together",6,0,0,120,15,0,0,72,80.5,84.6666666666667,93.5,83,68,346.74,14.9,4.9,250,82.7333333333333,88.54,1,1,50,3,75.9090909090909,5,47.1428571428571,2,94.5,0,77.5
323859,19,2,"Woman",0,1,100,6,2,6,6,"Together",6,0,0,100,28,0,0,81.8333333333333,94.1666666666667,98,91.3333333333333,92.6666666666667,NA,378,15,5,250,91.6,95.2,1,10,83.5,10,93.1818181818182,8,91.4285714285714,5,94,2,95
819274,20,2,"Man",0,0,95,6,3,6,5,"Together",7,1,0,200,32,0,0,93.6666666666667,85.6666666666667,86.6666666666667,82.3333333333333,88,86,332.63,15,5,250,88,92.5,1,5,89,3,77.2727272727273,6,78.5714285714286,1,90,1,80.8333333333333
766313,20,2,"Woman",0,0,99,6,4,3,3,"Divorced",3,2,1,180,10,0,1,53.3333333333333,56.5,80.6666666666667,83.3333333333333,86.3333333333333,64,300.55,14.8,4.8,250,74.1666666666667,82.105,1,5,54,5,36.8181818181818,3,37.1428571428571,4,66,2,84.1666666666667
936964,18,1,"Woman",0,1,99,6,9,5,5,"Together",7,0,0,30,80.2,0,0,55.3333333333333,82.5,85.3333333333333,77.1666666666667,81.3333333333333,82,409.33,14.3,4.3,250,81.6666666666667,87.68,1,15,48,7,75,4,68.5714285714286,3,90.5,1,69.1666666666667
411906,19,2,"Woman",0,1,100,6,3,5,5,"Together",7,1,0,120,50,0,0,82.3333333333333,93,90,89.6666666666667,89.3333333333333,NA,327.92,10,0,250,88.8666666666667,92.65,0,3,76.5,2,93.6363636363636,3,97.1428571428571,0,100,1,91.6666666666667
919266,20,2,"Woman",0,1,100,5,4,3,3,"Together",3,2,1,180,30,0,1,74.6666666666667,79.3333333333333,61.1666666666667,63.3333333333333,73,82,353.81,15,5,250,74.4666666666667,82.35,1,8,66,9,94.5454545454545,9,40.7142857142857,7,54,4,70.8333333333333
776965,19,2,"Woman",0,1,100,6,9,4,NA,"Together",2,2,1,180,20,0,1,62.3333333333333,84.5,89.5,75.3333333333333,NA,NA,256.3,10,0,250,62.3333333333333,72.75,0,3,71,4,78.6363636363636,2,72.1428571428571,1,86,NA,NA
478268,19,2,"Woman",1,0,20,3,3,6,6,"Together",7,0,0,200,50,0,0,76.6666666666667,81.3333333333333,83.1666666666667,83.3333333333333,54.6666666666667,NA,273.75,10,0,250,75.8333333333333,82.875,0,2,70,4,65.4545454545455,2,65,1,80,1,41.6666666666667
289163,20,2,"Woman",1,0,80,4,3,NA,NA,"Together",7,NA,NA,240,14,0,NA,79.1666666666667,80.5,86.1666666666667,82,84.6666666666667,NA,250.53,15,5,250,82.5,88.375,1,3,77.5,5,89.5454545454545,6,76.4285714285714,1,85,2,91.6666666666667
282874,19,2,"Woman",1,1,100,6,9,6,5,"Together",7,0,2,75,15,0,0,80.6666666666667,96.6666666666667,93,85.6666666666667,94,NA,324.64,10,0,250,90,93.5,0,6,77,3,90.9090909090909,3,81.4285714285714,4,90,1,95
266782,18,1,"Woman",0,1,100,6,3,6,5,"Together",7,0,0,120,8.5,0,0,84.3333333333333,88.6666666666667,81.3333333333333,89,92.3333333333333,96,302.11,15,5,250,90.0666666666667,94.05,1,4,57,2,92.7272727272727,3,64.2857142857143,3,81,0,83.3333333333333
460606,21,4,"Woman",0,1,95,6,6,5,4,"Together",7,0,0,120,8.3,0,1,73.6666666666667,76.1666666666667,72.3333333333333,88.6666666666667,81.6666666666667,NA,256.24,10,0,250,78.5,84.875,0,5,75,7,84.0909090909091,6,62.8571428571429,4,80,1,81.6666666666667
377090,20,3,"Man",0,0,100,5,3,4,1,"Together",3,2,1,15,7,0,1,88.8333333333333,89.3333333333333,97.8333333333333,94.8333333333333,93,NA,260.61,10,0,250,92.7666666666667,95.575,0,3,90.5,2,87.2727272727273,5,96.4285714285714,2,98.5,1,95.8333333333333
671655,21,3,"Woman",0,1,100,6,2,2,NA,"Together",3,0,0,90,24,1,1,92,81.6666666666667,89,92.5,95,NA,305.88,10,0,250,90.0333333333333,93.525,0,1,73,2,71.8181818181818,1,52.8571428571429,0,92.5,0,95.8333333333333
970240,19,2,"Man",0,1,95,6,2,6,6,"Together",7,0,0,180,20,0,0,90.6666666666667,93,85.8333333333333,88.3333333333333,86,NA,251.42,15,5,250,88.7666666666667,93.075,1,2,97,6,88.1818181818182,2,69.2857142857143,2,88,0,78.3333333333333
802878,18,1,"Woman",0,1,100,5,4,3,3,"Together",3,2,1,120,3,0,1,81,84.6666666666667,78.6666666666667,80.3333333333333,89,88,395.5,15,5,250,84.6,89.95,1,3,88,2,80,4,67.1428571428571,0,68,0,82.5
958843,20,3,"Woman",0,1,90,6,2,5,5,"Together",6,1,0,30,12,1,0,69,58.5,61,63.6666666666667,64.6666666666667,NA,387.75,15,5,250,63.3666666666667,74.025,1,2,31,2,46.8181818181818,3,51.4285714285714,0,82,0,63.3333333333333
348376,19,2,"Woman",0,1,100,6,3,5,5,"Together",6,0,0,120,180,0,0,72.6666666666667,85.3333333333333,83.3333333333333,76.1666666666667,59.1666666666667,NA,251.89,10,0,250,75.3333333333333,82.5,0,0,72,0,78.1818181818182,0,57.1428571428571,0,65.5,0,34.5833333333333
776985,19,1,"Woman",1,0,20,3,3,6,6,"Together",7,0,0,300,5,0,0,70.3333333333333,77.1666666666667,82.3333333333333,88,81.6666666666667,78,379.84,10,0,250,81.4333333333333,87.075,0,5,87,5,77.7272727272727,3,41.4285714285714,5,82,3,81.6666666666667
449769,19,2,"Woman",0,1,95,6,2,6,4,"Divorced",3,0,0,200,12,0,1,64.3333333333333,85.6666666666667,87,87.6666666666667,89.3333333333333,82,276.98,10,0,250,86.3333333333333,90.75,0,3,52,2,79.0909090909091,2,67.1428571428571,6,98,2,89.1666666666667
191876,21,4,"Woman",0,1,100,6,2,6,6,"Divorced",6,0,0,60,21,0,0,85,97.8333333333333,88.5,96,89,NA,368.71,15,5,250,91.2666666666667,94.95,1,7,63,3,95,7,76.4285714285714,1,100,0,85.8333333333333
929062,20,2,"Man",0,1,100,6,9,5,6,"Together",7,2,0,180,12,0,0,91.3333333333333,97,95,89.8333333333333,94.6666666666667,NA,256.48,10,0,250,93.5666666666667,96.175,0,2,89,3,91.8181818181818,2,78.5714285714286,2,89.5,1,88.3333333333333
946128,20,3,"Woman",0,1,95,6,1,2,4,NA,2,2,1,300,32,0,1,92,76.3333333333333,88,91.3333333333333,89.6666666666667,86,360.23,10,0,250,89.4,93.05,0,2,74,0,66.3636363636364,1,50,0,97,0,82.5
637438,19,2,"Woman",0,1,100,6,3,5,6,"Together",7,0,1,120,35,0,0,78.6666666666667,89.3333333333333,93.3333333333333,96.3333333333333,97,NA,337.19,15,5,250,90.9333333333333,94.7,1,12,65,6,82.7272727272727,8,82.8571428571429,4,97,0,100
780786,20,2,"Woman",0,0,90,6,9,5,5,"Together",7,0,0,180,40,0,0,76.3333333333333,89,NA,95.3333333333333,83,72,339.12,14.8,4.8,250,83.1333333333333,88.83,1,1,67,1,92.7272727272727,NA,NA,0,93,0,79.1666666666667
620808,18,1,"Woman",0,1,97,5,3,4,5,"Together",7,0,0,120,14,0,1,86,79.6666666666667,79.8333333333333,90.8333333333333,90.6666666666667,84,252.75,15,5,250,86.2666666666667,91.2,1,5,84,2,66.3636363636364,3,47.8571428571429,4,94.5,1,91.6666666666667
570017,18,1,"Woman",0,0,100,6,3,5,6,"Together",7,0,0,100,3.5,0,0,92.8333333333333,91,94.5,95,88.3333333333333,84,406.75,14.9,4.9,250,92.3333333333333,95.74,1,2,92,2,82.7272727272727,5,82.1428571428571,2,96,0,93.3333333333333
980472,20,3,"Man",0,1,90,6,4,1,1,"Together",5,2,1,50,5,0,1,84.3333333333333,83.8333333333333,85.5,89.3333333333333,88,NA,252,15,5,250,86.2,91.15,1,6,91.5,7,65,8,66.4285714285714,6,91,1,95.8333333333333
789281,19,1,"Woman",1,0,90,5,3,5,5,"Together",7,0,2,360,35,0,0,88.6666666666667,82.6666666666667,95.5,97.6666666666667,96,NA,372.2,15,5,250,92.1,95.575,1,4,88,12,60,8,92.1428571428571,5,97,0,100
862239,21,3,"Woman",0,0,80,4,4,3,3,"Together",5,2,1,5,7.98,0,1,49.3333333333333,70.8333333333333,70.6666666666667,74.6666666666667,71,72,297.15,10,0,250,71.8333333333333,79.875,0,4,60,2,42.2727272727273,3,28.5714285714286,0,71,0,81.6666666666667
955242,19,2,"Woman",0,0,80,5,4,2,3,"Divorced",4,2,1,90,30.5,0,1,97.6666666666667,95.8333333333333,96,91.6666666666667,89,96,389.83,10,0,250,95.4333333333333,97.575,0,5,93,3,94.0909090909091,4,82.8571428571429,2,100,3,100
337398,20,2,"Woman",0,1,95,6,2,5,6,"Together",7,1,0,120,10,0,0,90.3333333333333,88.3333333333333,91.7533333333333,95.3333333333333,91,NA,277.5,10,0,250,91.3506666666667,94.513,0,1,96,1,91.8181818181818,1,85.7142857142857,1,96,1,95.8333333333333
351711,19,2,"Woman",0,1,90,6,3,4,4,"Together",7,3,0,100,28,0,1,78,90,91.1666666666667,94,95.1666666666667,NA,389,15,5,250,89.6666666666667,93.75,1,7,90.5,11,79.0909090909091,6,77.8571428571429,1,92,1,87.9166666666667
962814,22,4,"Woman",0,0,97,3,4,3,3,"Together",5,2,2,240,32,1,1,36.3333333333333,42.6666666666667,31.3333333333333,53.6666666666667,51.1666666666667,48,258.16,10,0,250,46.3666666666667,60.775,0,1,30,3,41.8181818181818,1,5.71428571428571,2,53,1,50.8333333333333
634523,18,1,"Woman",0,0,100,4,4,3,3,"Together",2,2,0,60,26.66,0,1,85.6666666666667,76.3333333333333,71.5,72.3333333333333,71,74,276.15,10,0,250,75.9666666666667,82.975,0,1,97,1,59.0909090909091,0,39.2857142857143,1,71,1,73.3333333333333
562658,19,2,"Woman",0,0,60,6,4,3,3,"Together",3,2,0,120,18,0,1,68,84.6666666666667,88.3333333333333,NA,71.3333333333333,NA,369.81,10,0,250,62.4666666666667,72.85,0,2,73,2,69.0909090909091,4,61.4285714285714,NA,NA,1,69.1666666666667
920816,19,2,"Woman",0,1,98,6,9,5,6,"Together",7,0,0,175,12.5,0,0,75,72.6666666666667,81,NA,63,NA,281.71,10,0,250,58.3333333333333,69.75,0,5,65,0,75.4545454545455,0,37.1428571428571,NA,NA,0,65.8333333333333
684227,19,1,"Other",0,1,100,6,2,4,5,"Together",7,NA,NA,360,7,0,1,93.3333333333333,81.6666666666667,87.5,82.8333333333333,84.6666666666667,90,388.71,14,4,250,87.6666666666667,92.15,1,1,95,2,71.8181818181818,4,72.1428571428571,3,82.5,2,90
693286,19,1,"Woman",1,0,50,6,3,5,5,"Together",7,NA,2,180,14,0,0,89.6666666666667,95.5,92.5,94.3333333333333,90.3333333333333,NA,273.17,10,0,250,92.4666666666667,95.35,0,3,86,3,87.7272727272727,3,87.8571428571429,1,93,0,85.8333333333333
482126,19,2,"Woman",0,1,100,6,2,5,5,"Together",5,0,2,60,5,0,0,72,83,79.8333333333333,87.6666666666667,81,84,357.24,14.65,4.65,250,83.1,88.79,1,3,65,7,82.7272727272727,7,50.7142857142857,3,94,2,85.8333333333333
685171,18,1,"Woman",0,1,80,6,2,5,4,"Together",3,3,0,360,15,0,1,73.8333333333333,41,70.5,48,57.6666666666667,66,385.01,10,0,250,63.2,73.4,0,0,63,1,39.0909090909091,0,37.8571428571429,0,28,3,36.6666666666667
928498,19,2,"Woman",1,1,90,6,2,6,6,"Together",7,1,0,160,42,0,0,89.3333333333333,69.5,89.6666666666667,76.1666666666667,75.3333333333333,78,260.18,10,0,250,81.7,87.275,0,1,78,1,50.4545454545455,1,67.1428571428571,0,80.5,0,64.1666666666667
451623,20,2,"Woman",0,1,97,6,3,5,5,"Divorced",7,0,0,80,11,0,0,80,95.8333333333333,95,82.3333333333333,95.6666666666667,NA,317.61,15,5,250,89.7666666666667,93.825,1,6,87,2,97.7272727272727,3,84.2857142857143,2,84,1,96.6666666666667
392584,19,2,"Man",0,1,90,5,3,2,4,"Together",4,2,1,60,7,0,1,79.6666666666667,89.1666666666667,84.6666666666667,90.6666666666667,98,NA,349.33,15,5,250,88.4333333333333,92.825,1,2,75,2,88.6363636363636,1,71.4285714285714,1,96,1,100
736790,20,3,"Woman",0,1,100,6,2,3,4,"Together",2,2,1,120,20,0,1,90,91.5,89.8333333333333,90.6666666666667,90.3333333333333,NA,331.31,10,0,250,90.4666666666667,93.85,0,3,68,1,76.8181818181818,0,62.1428571428571,3,98,0,89.1666666666667
937053,18,1,"Woman",0,1,100,6,2,5,5,"Together",6,1,1,120,21,0,0,92.3333333333333,92,90,94.3333333333333,98.3333333333333,NA,368.51,10,0,250,93.4,96.05,0,12,83,5,94.5454545454545,3,71.4285714285714,2,97,0,95.8333333333333
348715,19,1,"Woman",0,0,90,5,3,2,3,"Divorced",2,2,1,60,21,0,1,87.3333333333333,92,89.5,96.3333333333333,86,NA,321.64,10,0,250,90.2333333333333,93.675,0,2,90.5,2,91.8181818181818,2,86.4285714285714,3,95,1,75.8333333333333
193776,19,2,"Woman",0,1,100,6,2,5,5,"Together",7,0,0,75,6,0,0,94.6666666666667,97.5,95,98.6666666666667,94.3333333333333,NA,380.93,10,0,250,96.0333333333333,98.025,0,1,92,0,95,1,78.5714285714286,1,100,0,88.3333333333333
221844,32,3,"Woman",0,1,100,6,2,2,5,"Divorced",2,0,1,60,35,1,1,86,75.3333333333333,80.3333333333333,85.6666666666667,73.5,88,274.31,10,0,250,83.0666666666667,88.3,0,2,85,4,83.6363636363636,1,50,3,89,1,67.0833333333333
437305,18,1,"Other",0,1,100,6,2,4,4,"Together",7,2,0,180,8,0,1,87.1666666666667,91.1666666666667,94.3333333333333,95.1666666666667,97.6666666666667,NA,383.94,10,0,250,93.1,95.825,0,2,83,1,86.8181818181818,4,92.8571428571429,2,93.5,2,98.3333333333333
254596,18,1,"Woman",0,1,95,6,2,5,5,"Together",6,0,0,180,14,0,0,65.6666666666667,69.5,73,39,74.6666666666667,54,367.51,10,0,250,67.3666666666667,76.525,0,1,87,0,59.5454545454545,1,45.7142857142857,0,38,0,63.3333333333333
768234,21,3,"Man",1,0,95,6,3,5,5,"Single",5,0,2,2,3.3,0,0,80.3333333333333,81.5,87.6666666666667,86,95,80,377.75,15,5,250,86.1,91.075,1,7,68,5,56.8181818181818,3,70,6,93,1,90
535753,20,3,"Woman",0,0,70,6,2,5,4,"Together",6,0,1,90,8.5,0,1,47.6666666666667,70,76.6666666666667,72.3333333333333,83.5,NA,383.95,15,5,250,70.0333333333333,79.025,1,7,47,9,54.5454545454545,6,42.8571428571429,1,65,1,72.0833333333333
130380,19,2,"Woman",0,1,95,6,2,6,6,"Together",5,0,2,4,7,0,0,61.3333333333333,61.5,75,52.6666666666667,73.3333333333333,48,338.62,14.9,4.9,250,64.7666666666667,75.065,1,2,69,3,82.2727272727273,3,80.7142857142857,4,33,1,69.1666666666667
613766,18,1,"Woman",0,0,100,5,9,6,6,"Together",7,0,2,100,5,0,0,84.6666666666667,91.3333333333333,95,94.6666666666667,95.6666666666667,NA,310.43,15,5,250,92.2666666666667,95.7,1,7,83,12,84.5454545454545,11,78.5714285714286,5,97,1,94.1666666666667
402997,19,2,"Woman",0,0,100,6,4,3,NA,"Divorced",3,2,1,120,8,0,1,98.1666666666667,88.3333333333333,96.6666666666667,93.5,95,NA,382,15,5,250,94.3333333333333,97.25,1,3,95,15,68.1818181818182,4,88.5714285714286,2,98.5,1,95.8333333333333
505593,18,1,"Woman",0,1,95,6,5,6,6,"Divorced",7,2,1,230,15,0,0,85.6666666666667,91.8333333333333,79.3333333333333,91.8333333333333,88,NA,287.58,15,5,250,87.3333333333333,92,1,6,71,14,96.8181818181818,3,58.5714285714286,6,89.5,2,80.8333333333333
785732,18,1,"Woman",0,0,78,5,4,3,NA,"Divorced",7,2,0,18,15,0,1,65.3333333333333,55,81.3333333333333,74.3333333333333,53,50,374.75,10,0,250,65.8,75.35,0,0,66,0,60.9090909090909,0,71.4285714285714,0,76,0,56.6666666666667
307053,18,1,"Woman",0,0,85,5,4,3,3,"Together",6,2,1,300,15,0,1,46,53.1666666666667,70.6666666666667,57,59.6666666666667,48,375.25,10,0,250,57.7,69.275,0,0,68,0,51.3636363636364,0,34.2857142857143,0,49,0,58.3333333333333
864689,19,2,"Woman",0,1,70,6,2,4,5,"Separated",6,2,1,200,20,0,1,90,87.3333333333333,91.8333333333333,91.6666666666667,88.6666666666667,NA,332.32,10,0,250,89.9,93.425,0,2,76,1,87.2727272727273,0,70.7142857142857,0,89,0,85.8333333333333
426634,21,4,"Woman",1,0,44,4,3,5,6,"Divorced",4,2,0,120,21.5,1,0,90.1666666666667,96.8333333333333,94.5,89.3333333333333,97.6666666666667,NA,307.95,10,0,250,93.7,96.275,0,3,92,1,96.8181818181818,2,82.1428571428571,1,80,0,96.6666666666667
316719,20,3,"Woman",0,0,90,6,3,5,5,"Together",6,0,0,60,15,0,0,95.5,96.6666666666667,97,97.6666666666667,97,NA,289.08,10,0,250,96.7666666666667,98.575,0,3,93,2,96.3636363636364,3,95.7142857142857,2,98,1,98.3333333333333
298429,18,1,"Woman",0,0,98,5,3,3,NA,"Separated",7,3,NA,163,20,0,1,79.6666666666667,79.8333333333333,92.3333333333333,84.8333333333333,96,82,382,15,5,250,87,91.75,1,7,82,20,59.5454545454545,10,85,7,76.5,0,90
517181,18,1,"Other",0,0,98,6,3,6,6,"Together",7,0,0,60,17,0,0,92.6666666666667,91.5,95.1666666666667,96,96,NA,292.29,10,0,250,94.2666666666667,96.7,0,4,94,7,85.9090909090909,2,85,2,96,0,90
980134,19,2,"Woman",0,1,100,6,2,5,6,"Divorced",6,0,0,90,10,0,0,95.6666666666667,94.3333333333333,90.5,98.6666666666667,98.6666666666667,NA,366,10,0,250,95.5666666666667,97.675,0,3,97,8,84.5454545454545,4,69.2857142857143,2,96,2,96.6666666666667
562399,18,1,"Woman",0,1,75,6,9,6,6,"Together",7,0,0,240,36,0,0,48.6666666666667,49.5,56.42,59.6666666666667,63.8333333333333,66,305.03,14.8,4.8,250,59.084,70.793,1,1,21,2,19.5454545454545,2,33.5714285714286,0,38,1,57.0833333333333
850435,19,1,"Woman",0,0,90,6,4,NA,3,"Divorced",7,1,1,720,30,0,1,91.6666666666667,89,91,96,88.3333333333333,NA,357.84,15,5,250,91.2,94.9,1,2,91,3,84.5454545454545,2,73.5714285714286,3,96,1,95.8333333333333
720723,22,4,"Man",0,1,98,6,3,5,5,"Together",6,0,0,480,25,0,0,81.8333333333333,71.3333333333333,86.3333333333333,87.6666666666667,76.6666666666667,NA,253.96,10,0,250,80.7666666666667,86.575,0,1,82,0,43.6363636363636,1,64.2857142857143,0,91,0,76.6666666666667
783735,18,1,"Woman",0,0,100,3,4,1,1,"Together",3,3,1,40,12,0,1,89.6666666666667,74.6666666666667,85.8333333333333,77.3333333333333,94.5,64,382.51,15,5,250,84.4,89.8,1,14,89.5,18,72.7272727272727,13,93.5714285714286,14,90,4,88.75
987447,18,1,"Other",0,1,99,6,2,5,5,"Together",6,2,0,240,10,0,0,87,92,96.1666666666667,92.8333333333333,95.3333333333333,NA,279.79,15,5,250,92.6666666666667,96,1,1,76,4,100,2,83.5714285714286,2,90.5,0,96.6666666666667
294860,21,3,"Man",0,0,100,6,3,4,NA,"Together",5,2,1,120,20,0,1,70.1666666666667,86.6666666666667,90.1666666666667,93.3333333333333,96.3333333333333,NA,260.45,15,5,250,87.3333333333333,92,1,2,49,2,80,5,75,3,98,2,95.8333333333333
223333,23,3,"Woman",0,0,100,6,3,2,NA,"Divorced",7,2,1,500,14,1,1,78.3333333333333,71,70.6666666666667,67.3333333333333,74.3333333333333,NA,371.15,10,0,250,72.3333333333333,80.25,0,0,79,0,77.2727272727273,2,47.8571428571429,0,60,0,84.1666666666667
742806,18,1,"Woman",0,1,100,6,2,5,6,"Together",3,2,1,120,15,0,0,77.3333333333333,89.8333333333333,86.8333333333333,86,81.3333333333333,NA,288.86,10,0,250,84.2666666666667,89.2,0,2,83,0,96.8181818181818,0,66.4285714285714,1,73,0,84.1666666666667
357173,20,3,"Man",0,1,95,5,3,5,5,"Together",7,0,0,120,16,0,0,88.8333333333333,95.5,92.1666666666667,86,84.3333333333333,NA,361.88,10,0,250,89.3666666666667,93.025,0,2,91,2,95,3,66.4285714285714,1,69,0,73.3333333333333
657848,20,3,"Woman",0,1,100,6,3,5,5,NA,NA,2,2,120,10,0,0,96.3333333333333,93.3333333333333,91.8333333333333,81.6666666666667,94,NA,314.83,15,5,250,91.4333333333333,95.075,1,3,89,2,90,3,65,5,76,1,87.5
841390,20,2,"Woman",0,1,100,6,3,3,3,"Together",6,2,1,300,50,0,1,77,94.1666666666667,85.3333333333333,80.5,91.3333333333333,NA,390,15,5,250,85.6666666666667,90.75,1,5,74,6,95,4,57.1428571428571,2,72.5,1,90.8333333333333
509369,18,1,"Woman",0,0,98,6,9,5,5,"Together",7,0,0,150,9,0,0,79.3333333333333,86.8333333333333,86.1666666666667,95.6666666666667,87.3333333333333,NA,401.33,10,0,250,87.0666666666667,91.3,0,1,71,1,85.9090909090909,1,65,2,94,1,73.3333333333333
231177,20,3,"Man",0,0,100,6,3,5,4,"Together",6,3,1,120,12,0,1,84.3333333333333,90.6666666666667,91.8333333333333,74.6666666666667,83,80,287.3,10,0,250,85.9666666666667,90.475,0,2,78,4,77.2727272727273,2,90.7142857142857,2,67,0,83.3333333333333
288842,19,1,"Woman",1,0,70,6,2,5,5,"Together",NA,0,0,50,18,0,0,92.6666666666667,90,93,98.6666666666667,100,NA,393.29,10,0,250,94.8666666666667,97.15,0,3,75,6,90,4,70,1,100,0,100
429085,19,2,"Woman",0,1,95,6,2,6,6,"Together",7,0,0,180,840,0,0,61.6666666666667,60.5,79.1666666666667,71,69.3333333333333,60,270,14.7,4.7,250,68.3333333333333,77.72,1,2,71,2,37.7272727272727,2,47.8571428571429,0,64,0,67.5
796147,18,1,"Woman",0,1,100,6,9,6,5,"Together",7,0,0,105,33,0,0,92,94.5,81,88.6666666666667,98,NA,394,15,5,250,90.8333333333333,94.625,1,9,92,11,95.9090909090909,8,30,12,80,4,98.3333333333333
458187,19,2,"Man",1,0,40,3,3,3,3,"Together",7,3,2,180,8,0,1,64.8333333333333,80.1666666666667,78.6666666666667,57,80.6666666666667,NA,262.96,10,0,250,72.2666666666667,80.2,0,6,57,4,84.0909090909091,1,57.1428571428571,1,63,0,79.1666666666667
739544,18,1,"Woman",0,1,100,6,3,5,6,"Together",7,0,0,240,30,0,0,93.3333333333333,92,97.8333333333333,99.3333333333333,98,NA,343.95,10,0,250,96.1,98.075,0,3,80,2,86.3636363636364,2,90.7142857142857,1,100,0,95
341372,18,1,"Woman",0,1,98,6,1,5,NA,"Together",NA,0,NA,120,20,0,0,78.3333333333333,86.1666666666667,84.8333333333333,90,98.6666666666667,74,267.11,14.8,4.8,250,87.6,92.18,1,4,72,7,96.8181818181818,5,60.7142857142857,3,100,4,98.3333333333333
151246,21,4,"Man",0,1,100,6,2,5,5,"Together",5,0,0,130,10,0,0,81.3333333333333,86.5,88,92.3333333333333,81.3333333333333,NA,411.46,14.3,4.3,250,85.9,90.855,1,1,86,4,81.3636363636364,2,54.2857142857143,1,86,0,81.6666666666667
326394,20,2,"Woman",1,0,100,4,9,2,5,"Together",7,1,0,120,3,0,1,84.8333333333333,80.6666666666667,76.8333333333333,74,NA,68,276.17,5,0,250,76.8666666666667,83.15,0,1,89,1,67.2727272727273,2,37.8571428571429,1,91,NA,NA
205809,19,1,"Woman",0,1,93,6,2,4,5,"Together",7,0,0,90,2,0,1,82,93.8333333333333,96.1666666666667,94.6666666666667,93.6666666666667,94,299.3,10,0,250,94.4666666666667,96.85,0,1,63,2,95,1,84.2857142857143,3,96,0,89.1666666666667
187671,18,1,"Woman",0,1,80,6,3,3,5,"Together",6,0,1,NA,4,0,1,87,74.1666666666667,87.8333333333333,90.3333333333333,79,NA,350,15,5,250,83.6666666666667,89.25,1,1,97,0,76.8181818181818,2,65,2,94,0,66.6666666666667
652357,20,3,"Woman",0,0,100,6,5,4,5,"Together",6,2,1,180,20,0,1,92,77.6666666666667,78.6666666666667,86.1666666666667,83.6666666666667,NA,287.92,10,0,250,83.6333333333333,88.725,0,3,77,0,71.8181818181818,0,67.1428571428571,1,86.5,0,79.1666666666667
543411,20,3,"Woman",0,1,100,5,3,6,NA,"Together",6,0,0,120,25,0,0,83.6666666666667,83.8333333333333,88.1666666666667,90.3333333333333,79,74,384.69,14.99,4.99,250,85,90.249,1,5,77,5,68.6363636363636,6,66.4285714285714,4,87,1,80
357577,19,2,"Woman",0,0,80,1,9,6,6,"Divorced",6,NA,NA,2,21,0,0,48.3333333333333,41.6666666666667,54.6666666666667,57.3333333333333,56.6666666666667,NA,413.12,15,5,250,51.7333333333333,65.3,1,1,52,0,11.8181818181818,1,30,0,59,0,48.3333333333333
323214,18,1,"Woman",0,1,95,6,1,2,NA,"Together",2,3,2,180,28,0,1,80.3333333333333,85.8333333333333,94.1666666666667,89.3333333333333,88.8333333333333,NA,394,15,5,250,87.7,92.275,1,1,86,10,74.0909090909091,2,75,0,90,0,85.4166666666667
244223,19,1,"Woman",0,1,99,6,2,6,6,"Together",7,0,0,470,25,0,0,92,95.3333333333333,87.1666666666667,99.5,94.6666666666667,NA,338.96,15,5,250,93.7333333333333,96.8,1,7,88.5,5,90.9090909090909,5,50.7142857142857,2,98.5,0,91.6666666666667
143458,21,4,"Man",0,1,100,6,4,3,3,"Together",2,2,1,1.33,4.33,0,1,39.3333333333333,53.1666666666667,82.5,80,78.3333333333333,64,315,14.9,4.9,250,71.6,80.19,1,3,34,4,21.3636363636364,3,67.8571428571429,0,68,0,74.1666666666667
324553,19,1,"Woman",0,1,100,6,6,2,5,"Separated",6,2,0,270,10,0,1,88.6666666666667,89.6666666666667,98,96.1666666666667,90,NA,329.63,10,0,250,92.5,95.375,0,3,78,3,86.3636363636364,5,91.4285714285714,5,94.5,1,80
425200,19,2,"Woman",0,1,92,6,3,4,4,"Together",7,0,0,420,28,0,1,81.3333333333333,90.8333333333333,90.6666666666667,93,98,NA,393.95,14.9,4.9,250,90.7666666666667,94.565,1,1,92,7,93.1818181818182,5,85.7142857142857,2,94,2,99.1666666666667
109338,19,2,"Woman",0,0,92,3,3,5,NA,"Together",3,NA,2,60,14,0,0,87.3333333333333,78.3333333333333,90.6666666666667,89.6666666666667,96.3333333333333,NA,375.46,14.9,4.9,250,88.4666666666667,92.84,1,1,85.5,1,62.7272727272727,2,71.4285714285714,0,98,1,96.6666666666667
873291,20,3,"Woman",0,0,99,5,3,6,6,"Separated",5,0,2,30,48,0,0,93.5,85,86.8333333333333,98.6666666666667,92.6666666666667,NA,256.39,15,5,250,91.3333333333333,95,1,4,93,10,70,2,73.5714285714286,9,100,0,86.6666666666667
700506,19,2,"Woman",0,1,100,6,2,6,6,"Together",7,1,0,45,40,0,0,97.6666666666667,95.5,91.3333333333333,94,96.6666666666667,NA,313.25,14,4,250,95.0333333333333,97.675,1,0,95,2,94.0909090909091,2,68.5714285714286,2,84,0,96.6666666666667
832756,19,2,NA,0,0,100,6,1,NA,5,"Separated",3,2,1,180,42,0,0,84.3333333333333,82,81.6666666666667,77.8333333333333,79.1666666666667,NA,256.4,10,0,250,81,86.75,0,1,81,1,81.8181818181818,0,58.5714285714286,0,79.5,1,72.0833333333333
878864,18,1,"Man",0,1,95,6,2,5,6,"Together",6,1,0,60,6,0,0,85.3333333333333,71,75.1666666666667,91.6666666666667,88.5,NA,269.63,10,0,250,82.3333333333333,87.75,0,1,79,3,57.2727272727273,3,45,2,100,1,86.6666666666667
863924,19,2,"Man",0,1,95,6,3,6,6,"Together",7,0,0,60,10,0,0,89.5,89.1666666666667,94,90.1666666666667,95.6666666666667,NA,352.11,15,5,250,91.7,95.275,1,3,79,5,86.8181818181818,5,83.5714285714286,2,98.5,1,98.3333333333333
749976,20,3,"Man",0,1,92,6,8,6,6,"Together",7,0,0,180,4,0,0,92,97.1666666666667,99,96.6666666666667,95,NA,276.81,10,0,250,95.9666666666667,97.975,0,1,92,2,95,0,98.5714285714286,2,98,0,87.5
893307,20,2,"Man",0,1,98,6,2,5,5,"Together",6,0,0,60,20,0,0,92.6666666666667,97.6666666666667,99.3333333333333,99,100,NA,293.63,10,0,250,97.7333333333333,99.3,0,1,86,3,95.4545454545455,4,97.1428571428571,2,97,0,100
422809,20,3,"Woman",0,1,100,6,2,5,5,"Together",3,3,0,60,7.2,0,0,43.6666666666667,74.8333333333333,85.6666666666667,92.5,77.6666666666667,54,362,15,5,250,76.9333333333333,84.2,1,5,29,7,69.5454545454545,4,67.1428571428571,2,95.5,3,85.8333333333333
589905,19,1,"Other",0,1,100,5,3,5,5,"Together",7,2,2,240,12,0,0,82,92.1666666666667,86.5,NA,84.3333333333333,68,341.52,10,0,250,82.6,87.95,0,5,66,5,93.1818181818182,1,79.2857142857143,NA,NA,1,75
165680,21,3,"Woman",0,1,100,5,2,6,5,"Together",7,0,0,240,10.5,0,0,50.3333333333333,85.5,89.1666666666667,68.8333333333333,72,74,304.26,15,5,250,77.9,84.925,1,3,22,5,82.2727272727273,7,79.2857142857143,3,61.5,3,63.3333333333333
678041,18,1,"Woman",1,0,50,4,3,4,4,"Together",6,0,0,60,10,0,1,85.3333333333333,88.5,95.5,87.5,89,NA,406.15,14.9,4.9,250,89.1666666666667,93.365,1,0,88,2,88.6363636363636,5,89.2857142857143,3,98.5,1,100
100915,20,3,"Woman",0,0,100,6,9,5,6,"Together",7,0,0,240,6,0,0,92.5,88,80.5,79.3333333333333,87.6666666666667,NA,372.5,15,5,250,85.6,90.7,1,1,89,3,80,2,53.5714285714286,10,94,1,86.6666666666667
738332,20,2,"Woman",0,0,100,6,4,NA,NA,"Together",6,2,1,120,16,0,NA,53,82.3333333333333,61,68,62,56,337.56,10,0,250,65.8666666666667,75.4,0,2,34,1,83.6363636363636,2,35.7142857142857,2,76,0,66.6666666666667
957708,18,1,"Woman",0,1,90,6,3,5,5,"Together",6,0,0,180,23,0,0,87,84.6666666666667,90.8333333333333,85.6666666666667,81.8333333333333,78,343.46,15,5,250,86,91,1,1,71,2,65.4545454545455,1,77.8571428571429,2,85,0,78.3333333333333
215621,21,3,"Woman",0,1,85,6,2,6,6,"Together",7,0,0,120,32,0,0,NA,65.1666666666667,72.5,88.3333333333333,78,74,278.01,10,0,250,75.6,82.7,0,NA,NA,3,69.5454545454545,2,55,1,81,1,78.3333333333333
600034,20,2,"Woman",0,1,70,6,2,5,4,"Together",7,0,0,30,6,0,1,88.8333333333333,73.6666666666667,82.1666666666667,81.3333333333333,84.5,88,278.39,10,0,250,84.9666666666667,89.725,0,0,77,1,50.9090909090909,0,55,1,81,0,72.0833333333333
624947,19,3,"Woman",0,0,100,6,1,4,4,"Together",2,2,1,30,7,1,1,92,85.3333333333333,91.8333333333333,93,72,NA,252.41,10,0,250,86.8333333333333,91.125,0,3,90,3,76.3636363636364,0,82.1428571428571,1,96,0,66.6666666666667
392325,21,2,"Woman",0,1,80,6,2,5,5,"Divorced",7,1,0,10,14,0,0,77.8333333333333,92,91.3333333333333,89.3333333333333,87,NA,272.34,14.9,4.9,250,87.5,92.115,1,7,87,4,86.3636363636364,1,77.1428571428572,2,88,0,83.3333333333333
550977,18,1,"Woman",0,0,85,6,4,2,3,"Together",7,2,1,240,42,0,1,51,78,73.3333333333333,83.8333333333333,81.5,NA,282.45,10,0,250,73.5333333333333,81.15,0,1,51,2,69.0909090909091,2,32.8571428571429,2,82.5,2,85.4166666666667
356382,18,1,"Woman",0,1,90,4,4,5,NA,"Separated",6,2,2,360,35,0,0,54.3333333333333,78,87,73.5,66.3333333333333,50,343.93,15,5,250,71.8333333333333,80.375,1,6,48,7,67.2727272727273,6,91.4285714285714,4,48.5,2,60.8333333333333
752695,18,1,"Woman",0,NA,90,3,7,NA,NA,"Divorced",4,2,1,600,25,0,NA,40.6666666666667,49.5,53.1666666666667,38,51,38,342.17,14,4,250,46.4666666666667,61.25,1,3,36,3,17.7272727272727,2,23.5714285714286,2,12,1,46.6666666666667
785013,20,3,"Man",0,1,99,6,3,6,6,"Divorced",6,0,0,90,22,0,0,92,78.3333333333333,80,90.3333333333333,84.8333333333333,NA,294.99,15,5,250,85.1,90.325,1,4,84,4,64.5454545454545,5,55.7142857142857,2,93,1,90
664851,19,2,"Man",0,1,95,6,2,4,6,"Together",7,0,0,120,50,0,1,84.1666666666667,89.1666666666667,86.6666666666667,95,95,NA,321.5,15,5,250,90,94,1,5,86,4,79.5454545454545,3,60,3,100,1,87.5
930504,21,3,"Woman",1,0,99,6,6,6,5,"Together",7,0,2,60,10,0,0,73.3333333333333,85.6666666666667,90.6666666666667,83,82.3333333333333,NA,396,14.8,4.8,250,83,88.73,1,3,86,3,80.9090909090909,0,65.7142857142857,0,91,0,90.8333333333333
149203,19,2,"Woman",0,0,100,6,3,3,3,"Separated",3,2,1,120,14,0,1,79,79,78.6666666666667,76,90,NA,269.97,10,0,250,80.5333333333333,86.4,0,9,87.5,2,77.2727272727273,4,72.8571428571428,6,50,2,87.5
427397,18,1,"Other",0,1,97,6,3,NA,6,"Together",7,0,2,180,12,0,0,66.6666666666667,87.1666666666667,87.3333333333333,93.6666666666667,85,76,259.99,12.5,2.5,250,85.8333333333333,90.625,1,2,54,2,84.0909090909091,2,62.8571428571429,4,100,1,91.6666666666667
117848,20,2,"Woman",0,1,100,6,2,5,5,"Together",7,0,2,120,8,0,0,72.3333333333333,71.6666666666667,90.6666666666667,74.3333333333333,70,NA,268.39,14.6,4.6,250,75.8,83.31,1,8,73,5,44.5454545454545,2,68.5714285714286,2,63,1,80.8333333333333
863598,20,2,"Woman",0,1,100,5,3,5,5,"Together",6,2,1,60,8.4,0,0,NA,73.8333333333333,96.5,96,86.1666666666667,72,398,15,5,250,84.9,90.175,1,NA,NA,9,54.0909090909091,12,85,5,100,1,82.0833333333333
522922,19,2,"Woman",0,1,100,5,3,NA,NA,"Separated",4,2,1,100,600,0,NA,51.6666666666667,44.6666666666667,60.8333333333333,69,60.8333333333333,54,363.02,15,5,250,59.2666666666667,70.95,1,4,60,8,36.3636363636364,6,41.4285714285714,7,70,1,61.25
714184,19,1,"Woman",0,1,100,5,2,6,6,"Together",7,0,0,200,18,0,0,84,84.6666666666667,90.3333333333333,86.3333333333333,100,NA,259.5,15,5,250,89.0666666666667,93.3,1,4,78,5,83.6363636363636,1,58.5714285714286,2,86,1,100
496293,20,2,"Woman",0,1,100,6,6,2,NA,"Divorced",4,2,1,120,12,0,1,96.3333333333333,88.6666666666667,90.5,94.5,90.6666666666667,NA,322,15,5,250,92.1333333333333,95.6,1,12,95,8,79.0909090909091,7,76.4285714285714,6,91.5,0,81.6666666666667
298091,19,2,"Woman",0,1,100,6,1,NA,4,"Single",7,2,1,90,15,0,1,75.3333333333333,70.6666666666667,73,76.6666666666667,70,50,394.68,15,5,250,73.1333333333333,81.35,1,2,73,0,63.6363636363636,1,35.7142857142857,3,54,0,59.1666666666667
849990,18,1,"Woman",0,0,100,5,9,3,3,"Together",5,2,1,180,9.33,0,1,62,66.5,86.8333333333333,70,70.6666666666667,NA,287.97,10,0,250,71.2,79.4,0,2,65,2,61.3636363636364,2,75,2,80,0,81.6666666666667
502302,19,2,"Woman",0,1,95,6,2,4,4,"Divorced",3,3,0,60,40,0,1,93.3333333333333,72.5,90.1666666666667,92.3333333333333,98,NA,405.67,15,5,250,89.2666666666667,93.45,1,2,88,4,49.5454545454545,4,66.4285714285714,1,92,2,100
179184,18,2,"Woman",0,1,100,6,9,6,5,"Together",6,1,2,240,10,0,0,80.6666666666667,74.8333333333333,82.5,77.6666666666667,69.6666666666667,NA,356.27,14.8,4.8,250,77.0666666666667,84.28,1,1,86,5,74.0909090909091,2,59.2857142857143,0,88,0,48.3333333333333
877146,21,2,"Woman",1,0,65,4,3,6,NA,"Together",7,0,0,400,2.6,0,0,66.6666666666667,75,68.6666666666667,70.3333333333333,65.6666666666667,NA,362,10,0,250,69.2666666666667,77.95,0,1,80,2,79.0909090909091,1,51.4285714285714,0,67,0,73.75
416172,20,3,"Woman",0,0,70,5,3,2,NA,"Together",6,3,1,60,40,0,1,91.6666666666667,NA,91,78.3333333333333,85,74,255.65,10,0,250,84,89,0,1,91.5,NA,NA,1,72.8571428571428,1,73,0,90.8333333333333
488889,20,2,"Woman",1,0,50,3,3,5,5,"Together",7,0,2,300,21,0,0,76,68.3333333333333,78,55,51.1666666666667,NA,251.93,10,0,250,65.7,75.275,0,4,84,6,62.7272727272727,2,57.1428571428571,1,64,0,48.75
660431,19,2,"Woman",0,1,95,6,3,6,5,"Together",7,0,0,60,7,0,0,93,93,77.6666666666667,92.1666666666667,85.6666666666667,NA,359.15,15,5,250,88.3,92.725,1,7,89,3,84.5454545454545,3,40,2,84.5,1,85.8333333333333
689023,20,2,"Woman",0,0,100,6,3,6,5,"Together",6,0,0,90,5,0,0,87.3333333333333,85.6666666666667,91.3333333333333,97.5,89.6666666666667,NA,384.12,15,5,250,90.3,94.225,1,6,83.5,6,87.2727272727273,4,94.2857142857143,4,96.5,1,78.3333333333333
787036,20,3,"Woman",0,1,100,6,3,6,NA,"Divorced",1,2,1,60,35,0,0,85.3333333333333,NA,59,80,75,78,263.99,10,0,250,75.4666666666667,82.6,0,1,82,NA,NA,1,30,0,76,0,79.1666666666667
700441,19,2,"Other",0,1,100,6,4,2,4,"Divorced",2,2,1,90,8,0,1,42.6666666666667,61.1666666666667,65.5,42.6666666666667,58.6666666666667,62,361.4,13.8,3.8,250,58,69.88,1,6,34,0,57.7272727272727,5,45,0,40,0,60
193857,20,1,"Woman",0,0,56.25,6,NA,6,5,"Together",7,0,0,60,11,0,0,75.6666666666667,77.5,84.5,79.6666666666667,91.6666666666667,76,308.61,10,0,250,81.8666666666667,87.4,0,5,73,8,57.7272727272727,5,83.5714285714286,6,92,2,100
243610,20,1,"Woman",1,0,50,3,7,5,6,"Divorced",7,1,2,60,50,0,0,82.6666666666667,81.3333333333333,91.1666666666667,93.1666666666667,94.6666666666667,NA,380.82,15,5,250,88.6,92.95,1,8,81,9,80,12,67.8571428571429,6,88.5,1,90
135727,20,3,"Woman",0,0,100,6,9,5,NA,"Divorced",1,2,1,50,5,0,0,43.6666666666667,79,79.1666666666667,82,68.6666666666667,46,315.23,15,5,250,70.9666666666667,79.725,1,7,56,7,79.0909090909091,8,80.7142857142857,4,76,2,55
967176,20,2,"Woman",0,1,80,6,3,5,4,"Together",6,0,0,60,600,0,1,81,94.6666666666667,82.3333333333333,95.6666666666667,95,NA,392.74,15,5,250,89.7333333333333,93.8,1,2,81.5,1,90.9090909090909,3,51.4285714285714,1,91,0,95.8333333333333
741913,20,3,"Woman",0,1,85,6,4,4,NA,"Together",7,2,0,120,6.5,0,1,67,71.8333333333333,61.6666666666667,68,NA,60,282.05,10,0,250,65.7,75.275,0,1,82,0,78.6363636363636,1,42.8571428571429,0,65,NA,NA
646241,18,1,"Woman",1,0,35,3,3,6,5,"Together",7,0,0,180,30,0,0,71.8333333333333,67.6666666666667,89,88.8333333333333,91,86,406.21,14.9,4.9,250,85.3333333333333,90.49,1,2,65.5,3,55.4545454545455,4,64.2857142857143,3,86.5,1,95
789124,18,1,NA,0,1,90,6,2,6,5,"Divorced",4,0,0,50,42,0,0,NA,96.6666666666667,97.6666666666667,94,92.3333333333333,100,388.5,15,5,250,96.1333333333333,98.6,1,NA,NA,2,91.8181818181818,3,95.7142857142857,1,100,2,80.8333333333333
479550,19,2,"Man",0,1,100,6,3,5,5,"Together",6,0,0,120,20,0,0,83.8333333333333,94.6666666666667,79.1666666666667,81.3333333333333,96.3333333333333,84,251.51,15,5,250,88.0333333333333,92.525,1,2,89.5,6,93.6363636363636,5,63.5714285714286,6,80,1,95.8333333333333
370790,18,1,"Woman",0,1,100,6,2,6,6,"Together",7,0,0,15,30,0,0,91.3333333333333,96.5,94.8333333333333,43.3333333333333,85.6666666666667,94,337.15,15,5,250,92.4666666666667,95.85,1,3,88,7,94.0909090909091,6,85,1,0,2,72.5
992103,22,5,"Man",0,0,100,6,3,2,1,"Separated",7,2,1,60,20,1,1,80,90.1666666666667,91.3333333333333,95.3333333333333,86.6666666666667,NA,283.04,15,5,250,88.7,93.025,1,1,80,8,85,4,82.8571428571429,2,92,0,76.6666666666667
202048,19,3,"Man",0,1,99,6,3,6,6,"Together",7,0,0,240,12,1,0,95,89.5,89.8333333333333,88.3333333333333,87.3333333333333,NA,255.29,10,0,250,90,93.5,0,3,85,4,94.0909090909091,0,79.2857142857143,0,79,0,70.8333333333333
197878,20,3,"Woman",0,1,99,6,4,6,5,"Separated",5,1,0,240,17,0,0,92,84,NA,84.8333333333333,89.6666666666667,88,275.79,15,5,250,87.7,92.275,1,3,86.5,4,75.4545454545455,NA,NA,2,73.5,1,79.1666666666667
852104,19,2,"Woman",0,0,95,5,5,2,NA,"Together",6,0,0,180,12,0,1,89.3333333333333,94.8333333333333,94.3333333333333,90.6666666666667,76.3333333333333,NA,344.57,15,5,250,89.1,93.325,1,3,82,5,90.4545454545455,10,81.4285714285714,0,96,0,82.5
877109,18,1,"Woman",0,0,95,5,4,2,3,"Together",2,2,1,30,15,0,1,82.5,81.8333333333333,90.8333333333333,96.5,87.6666666666667,NA,389.7,15,5,250,87.8666666666667,92.4,1,7,76.5,8,83.1818181818182,2,72.1428571428571,2,97.5,1,85
553565,19,2,"Woman",0,1,100,6,2,2,NA,"Together",4,0,0,30,15,0,1,76.6666666666667,84.3333333333333,86.1666666666667,89,79,NA,392.04,13.9,3.9,250,83.0333333333333,88.665,1,3,68,1,95.4545454545455,2,56.4285714285714,0,99,0,73.3333333333333
611968,18,1,"Woman",0,1,100,6,1,4,6,"Divorced",5,0,1,120,18,0,1,53.3333333333333,77,84,66.3333333333333,79,66,393.16,10,0,250,74.4666666666667,81.85,0,2,40,1,70.9090909090909,1,62.8571428571429,4,71,1,85.8333333333333
601701,20,3,"Woman",0,1,99,5,4,3,NA,"Separated",3,2,1,200,30,0,1,99.3333333333333,96.1666666666667,90.8333333333333,91,97,NA,371.42,10,0,250,94.8666666666667,97.15,0,4,98,1,91.3636363636364,2,72.1428571428571,1,100,0,100
676026,19,2,"Woman",0,1,100,6,2,5,5,"Together",7,0,0,60,14,0,0,77,81.5,86.3333333333333,90,80.6666666666667,86,264.19,15,5,250,84.9,90.175,1,3,78,5,88.6363636363636,2,64.2857142857143,1,78,3,83.3333333333333
265323,19,2,"Man",1,1,95,6,3,6,6,"Together",7,0,0,30,28,0,0,74.8333333333333,83.1666666666667,69.6666666666667,77.8333333333333,80,86,365.75,14.9,4.9,250,80.3666666666667,86.765,1,5,62,6,70.4545454545455,0,41.4285714285714,4,73.5,2,80
282568,19,2,"Woman",0,1,80,5,2,5,6,"Together",6,0,2,300,21,0,0,95,90.5,99.3333333333333,96.6666666666667,94.6666666666667,NA,358.84,15,5,250,95.2333333333333,97.925,1,3,95,5,95.9090909090909,1,97.1428571428571,1,98,0,91.6666666666667
184622,21,3,"Woman",0,1,90,6,3,5,5,"Together",6,0,0,200,15.45,0,0,91.6666666666667,91,91,88.5,93,86,391.5,10,0,250,91.0333333333333,94.275,0,2,89,2,93.6363636363636,2,67.1428571428571,1,81.5,1,90
176796,18,1,"Woman",1,0,90,6,9,5,5,"Together",7,0,0,180,10,0,0,80.3333333333333,83.8333333333333,87.3333333333333,79.5,77.3333333333333,70,265.83,10,0,250,81.6666666666667,87.25,0,7,49,7,82.2727272727273,7,61.4285714285714,5,69.5,3,67.5
711072,20,3,"Woman",0,1,100,6,2,6,6,"Together",5,1,2,120,8,0,0,79,84.5,65.5,80.6666666666667,87.2533333333333,64,369.2,14.9,4.9,250,79.384,86.028,1,7,62,5,74.0909090909091,9,39.2857142857143,3,88,3,90.8333333333333
158198,20,2,"Man",0,1,97,6,2,5,5,"Together",6,0,0,60,18,0,0,93,94.1666666666667,82.5,79.1666666666667,87,80,319.64,10,0,250,87.3333333333333,91.5,0,1,91,0,91.3636363636364,0,52.1428571428571,0,77.5,0,79.1666666666667
376854,18,1,"Woman",0,0,100,6,9,5,NA,"Together",7,3,0,150,33,0,0,89.6666666666667,94.6666666666667,93,96.6666666666667,88,NA,368.92,15,5,250,92.4,95.8,1,2,93.5,3,87.2727272727273,5,70,2,98,1,93.3333333333333
861674,19,2,"Woman",0,1,100,6,2,5,6,"Together",7,0,0,360,24,0,0,93.3333333333333,71.6666666666667,87.6666666666667,86.8333333333333,91.3333333333333,80,295.86,15,5,250,87.8333333333333,92.375,1,5,93,11,50,9,75,2,78.5,2,86.6666666666667
224768,19,1,"Woman",0,0,80,6,4,NA,NA,"Together",3,2,1,60,12,0,NA,62.3333333333333,53.8333333333333,55,49.3333333333333,78.3333333333333,48,384,15,5,250,59.7666666666667,71.325,1,6,62,1,41.3636363636364,4,44.2857142857143,1,38,2,77.5
556020,18,1,"Woman",0,0,85,5,4,3,3,"Together",6,2,1,60,30,0,1,74.5,67.6666666666667,85.3333333333333,73,74.1666666666667,66,400,15,5,250,74.9333333333333,82.7,1,8,88,3,37.2727272727273,3,67.1428571428571,1,72,1,71.25
