Total.Score,View.Count,pwritten,time,student_id,opt_in
99.5,0,0.679166667,1,450198,0
117,3,0.8,1,639052,0
134.5,2,0.920833333,1,119737,0
121.75,1,0.814583333,1,#N/A,#N/A
115,1,0.783333333,1,195771,0
96.5,4,0.654166667,1,431940,0
137.5,1,0.895833333,1,22605,0
135.5,0,0.879166667,1,#N/A,#N/A
119,1,0.766666667,1,46228,0
91,1,0.583333333,1,#N/A,#N/A
120,1,0.8,1,218881,1
102.5,3,0.654166667,1,59263,1
124,2,0.833333333,1,239176,1
80,3,0.591666667,1,549967,1
133,0,0.908333333,1,759444,1
85.5,2,0.5375,1,157930,0
49.5,0,0.3125,1,636429,1
129,2,0.875,1,935667,1
143.5,2,0.970833333,1,529135,0
110,2,0.716666667,1,587190,0
138,2,0.95,1,#N/A,#N/A
142,1,0.958333333,1,852762,0
128,1,0.816666667,1,657777,0
65.5,1,0.520833333,1,812426,1
116,1,0.841666667,1,344244,0
102,1,0.725,1,751453,1
138,0,0.925,1,850089,0
140,0,0.916666667,1,91330,1
130,0,0.908333333,1,77220,1
108,1,0.725,1,480220,0
140.5,2,0.920833333,1,786495,1
104.5,1,0.645833333,1,#N/A,#N/A
138,2,0.95,1,507212,1
134.5,3,0.895833333,1,55168,1
63.5,0,0.354166667,1,#N/A,#N/A
146.5,1,0.970833333,1,581826,0
111,0,0.7,1,#N/A,#N/A
101,0,0.666666667,1,190808,0
59,0,0.366666667,1,118791,1
133.25,0,0.860416667,1,632601,0
92,1,0.641666667,1,509583,0
130.5,0,0.8375,1,235058,1
69,0,0.525,1,528554,0
116.5,0,0.770833333,1,98872,0
140.5,2,0.970833333,1,299411,0
131.5,0,0.845833333,1,991407,0
123.25,1,0.802083333,1,43757,1
68.5,1,0.320833333,1,865209,1
54.5,1,0.354166667,1,860330,0
138.5,1,0.904166667,1,330065,0
138,1,0.95,1,746481,0
76.5,1,0.4375,1,616583,0
100.5,1,0.7375,1,417319,0
110,0,0.766666667,1,974667,1
117.25,0,0.802083333,1,#N/A,#N/A
142.5,3,0.9375,1,270919,0
121,0,0.883333333,1,512211,1
133,2,0.908333333,1,481746,0
120,2,0.8,1,650154,1
134,3,0.941666667,1,810882,0
90.5,3,0.579166667,1,52942,1
140,1,0.916666667,1,722426,1
118,2,0.808333333,1,738956,0
81.5,0,0.579166667,1,#N/A,#N/A
130.5,1,0.8625,1,702967,0
142.5,1,0.9625,1,588563,1
144.5,1,0.954166667,1,135939,1
117.5,2,0.779166667,1,478761,1
143.5,0,0.945833333,1,593931,1
103.5,2,0.8625,1,#N/A,#N/A
112,1,0.783333333,1,884359,1
108,1,0.675,1,148499,1
76.5,0,0.4125,1,248654,0
139.5,4,0.9125,1,146064,1
109.5,7,0.7625,1,429624,0
92.5,3,0.620833333,1,819339,1
128.5,0,0.845833333,1,#N/A,#N/A
77.5,2,0.495833333,1,625832,1
109.5,0,0.6875,1,#N/A,#N/A
135.5,0,0.904166667,1,978945,0
122,1,0.866666667,1,698444,1
140,2,0.941666667,1,720616,1
94.5,1,0.5875,1,427233,1
115.5,3,0.7875,1,861628,1
134,1,0.891666667,1,407458,0
88.5,1,0.4875,1,891009,0
144.5,3,0.954166667,1,738900,0
118,2,0.783333333,1,800464,1
73,0,0.408333333,1,681039,1
137.5,2,0.945833333,1,943776,1
77.5,1,0.470833333,1,968101,1
96,1,0.625,1,#N/A,#N/A
143.5,1,0.945833333,1,358872,1
137,1,0.916666667,1,419144,0
143.25,2,0.96875,1,199510,0
139.5,5,0.9125,1,296676,1
133,2,0.933333333,1,341430,1
60,1,0.475,1,507517,0
130.5,0,0.8375,1,#N/A,#N/A
93.5,2,0.629166667,1,#N/A,#N/A
74.5,5,0.470833333,1,764022,1
134.5,5,0.870833333,1,#N/A,#N/A
112.5,0,0.8125,1,#N/A,#N/A
119.5,3,0.820833333,1,484404,1
142,0,0.933333333,1,245847,1
105,2,0.7,1,774132,0
115.5,1,0.7375,1,566484,1
124,2,0.833333333,1,242762,1
133,3,0.858333333,1,59135,0
102.5,1,0.729166667,1,574761,0
131.5,0,0.870833333,1,212467,0
144,0,0.975,1,506095,0
135.5,3,0.929166667,1,#N/A,#N/A
108.5,2,0.754166667,1,606922,1
137,2,0.891666667,1,382346,1
146.5,0,0.970833333,1,753426,1
130,1,0.833333333,1,648833,0
107,1,0.691666667,1,#N/A,#N/A
129,1,0.875,1,135223,0
134,3,0.891666667,1,74745,1
78,0,0.525,1,325835,1
121,3,0.758333333,1,176063,1
101.5,2,0.670833333,1,222033,0
103.5,1,0.6125,1,622456,1
136,1,0.883333333,1,451632,0
111,1,0.675,1,133842,0
144.5,0,0.954166667,1,926367,0
112,3,0.758333333,1,665605,1
116.5,4,0.745833333,1,#N/A,#N/A
140,3,0.916666667,1,461149,1
112.5,5,0.7375,1,#N/A,#N/A
116,2,0.766666667,1,285732,0
142,5,0.933333333,1,#N/A,#N/A
132,0,0.85,1,#N/A,#N/A
97,0,0.608333333,1,#N/A,#N/A
100,1,0.633333333,1,919187,1
129.5,3,0.854166667,1,765041,1
100.5,0,0.6875,1,985120,0
130.5,7,0.8625,1,869130,0
90.5,0,0.670833333,1,#N/A,#N/A
132.5,1,0.904166667,1,#N/A,#N/A
89,2,0.516666667,1,431471,0
75.5,0,0.404166667,1,124520,1
126.5,1,0.854166667,1,721234,1
116,1,0.741666667,1,907418,1
93.5,6,0.554166667,1,92678,1
74,3,0.416666667,1,363247,1
130,0,0.833333333,1,315309,0
105.25,2,0.652083333,1,465337,1
141,4,0.925,1,#N/A,#N/A
103.5,0,0.7125,1,566690,0
112.5,0,0.7125,1,558605,1
136,3,0.883333333,1,288131,1
78.5,2,0.545833333,1,517410,1
127.5,7,0.8125,1,782358,1
117.5,0,0.779166667,1,901788,0
140.5,1,0.920833333,1,359836,1
78.5,4,0.504166667,1,228847,1
118.5,1,0.7875,1,873188,1
135,2,0.9,1,267235,0
102.5,1,0.629166667,1,453977,0
78,1,0.4,1,#N/A,#N/A
126.5,1,0.804166667,1,666977,1
91,0,0.608333333,1,968096,1
99,1,0.65,1,785564,0
103.5,1,0.7125,1,#N/A,#N/A
114,2,0.8,1,133411,0
126.5,1,0.879166667,1,354442,0
102,2,0.6,1,593374,1
121,0,0.783333333,1,#N/A,#N/A
103.5,2,0.6625,1,907662,1
134,1,0.891666667,1,#N/A,#N/A
118,2,0.808333333,1,739642,0
130,0,0.858333333,1,860152,1
98,0,0.666666667,1,#N/A,#N/A
140,2,0.916666667,1,452951,0
102,1,0.625,1,#N/A,#N/A
81,2,0.525,1,#N/A,#N/A
124,0,0.833333333,1,620447,1
64,1,0.383333333,1,690944,1
126.5,2,0.829166667,1,#N/A,#N/A
80,1,0.491666667,1,74053,0
120.5,3,0.779166667,1,192121,0
98.5,0,0.695833333,1,#N/A,#N/A
116.5,0,0.820833333,1,237915,0
116,0,0.741666667,1,779885,0
135,1,0.875,1,943584,0
125.5,4,0.870833333,1,947508,1
137.5,1,0.895833333,1,435782,1
114.5,1,0.704166667,1,365616,1
107,2,0.666666667,1,652675,1
134.5,5,0.895833333,1,#N/A,#N/A
118,11,0.833333333,1,292843,1
138,1,0.9,1,660158,1
65.5,1,0.395833333,1,861908,1
107,1,0.666666667,1,#N/A,#N/A
111,0,0.675,1,580775,0
138,1,0.9,1,352635,0
127,3,0.883333333,1,558377,1
120.5,6,0.804166667,1,416201,1
119,1,0.791666667,1,92527,0
138,2,0.9,1,945105,0
123,1,0.775,1,153600,0
128.5,3,0.870833333,1,242919,1
61,1,0.383333333,1,642891,1
81.5,4,0.529166667,1,187101,1
120.5,1,0.779166667,1,#N/A,#N/A
138,1,0.95,1,513625,1
139,2,0.908333333,1,141773,0
133.5,2,0.8625,1,700204,1
123,5,0.825,1,499082,0
126,3,0.8,1,162017,1
138,1,0.9,1,854187,0
103,1,0.683333333,1,626623,1
120,0,0.775,1,291081,0
136.5,0,0.9375,1,#N/A,#N/A
90,1,0.575,1,207574,1
110,1,0.716666667,1,345393,0
101.5,0,0.745833333,1,126266,0
96.5,2,0.579166667,1,323464,0
115.5,0,0.7875,1,853351,1
99.75,1,0.60625,1,#N/A,#N/A
131,3,0.891666667,1,748219,0
130,2,0.858333333,1,211740,0
130,0,0.833333333,1,664495,0
128.5,3,0.920833333,1,248408,1
119.5,1,0.820833333,1,519555,1
129,2,0.9,1,225529,1
98,0,0.641666667,1,470909,0
121.5,7,0.8375,1,487928,1
118.25,0,0.802083333,1,407642,0
108,3,0.7,1,690437,1
138.25,2,0.927083333,1,847281,0
128,0,0.941666667,1,875319,1
71.5,2,0.470833333,1,536224,1
96.75,0,0.63125,1,#N/A,#N/A
117.75,1,0.80625,1,444669,0
121.5,1,0.8125,1,965907,1
139,0,0.983333333,1,841564,1
145.5,0,0.9625,1,#N/A,#N/A
97.25,4,0.685416667,1,614963,0
129.25,0,0.852083333,1,#N/A,#N/A
119.25,0,0.84375,1,307449,1
84.75,1,0.58125,1,#N/A,#N/A
126,0,0.825,1,662362,0
105.25,1,0.677083333,1,#N/A,#N/A
122,1,0.791666667,1,881437,1
131.5,0,0.870833333,1,822100,1
133.5,2,0.9375,1,466883,1
102.5,1,0.679166667,1,935209,0
124,7,0.883333333,1,844766,1
130.5,1,0.9375,1,31769,1
131,1,0.866666667,1,243506,1
116,2,0.816666667,1,668684,0
102.25,0,0.702083333,1,748690,0
115,1,0.783333333,1,108362,1
128,1,0.891666667,1,#N/A,#N/A
110.5,0,0.770833333,1,490479,0
120.5,1,0.804166667,1,888959,0
93.75,0,0.63125,1,#N/A,#N/A
95.5,0,0.645833333,1,#N/A,#N/A
135.25,3,0.902083333,1,836043,0
126.5,3,0.879166667,1,955043,1
128.5,1,0.945833333,1,764874,0
109.5,1,0.7875,1,486673,1
139,1,0.933333333,1,611211,0
140.25,3,0.96875,1,333796,1
133,3,0.908333333,1,512584,1
72.5,1,0.404166667,1,968141,1
144.5,4,0.954166667,1,259616,1
130.75,1,0.864583333,1,33266,0
143.5,3,0.970833333,1,318284,0
112.75,0,0.689583333,1,303623,0
139.75,1,0.964583333,1,262564,1
106.25,0,0.710416667,1,56505,0
116.75,6,0.822916667,1,880512,1
113.5,1,0.770833333,1,19550,0
145.5,2,0.9625,1,512042,0
98,2,0.666666667,1,151635,1
126.25,3,0.877083333,1,694922,1
92,1,0.641666667,1,428345,1
112.25,2,0.735416667,1,548093,1
115.25,1,0.735416667,1,755185,1
98.5,1,0.7125,1,336889,0
134.25,1,0.86875,1,34034,1
105.5,4,0.770833333,1,172514,0
139,4,0.95,1,259933,1
117.5,0,0.754166667,1,374551,0
125.25,0,0.91875,1,462500,0
133.5,1,0.9125,1,886611,1
116.5,1,0.845833333,1,703507,1
131,2,0.866666667,1,351465,1
130.75,1,0.864583333,1,640132,0
93,2,0.65,1,717760,0
112,0,0.808333333,1,642673,0
114,2,0.891666667,1,52826,0
134,0,0.891666667,1,740509,1
138.75,1,0.90625,1,774287,1
125,0,0.816666667,1,#N/A,#N/A
136,1,0.95,1,966363,1
137.5,1,0.920833333,1,711147,0
138.5,2,0.979166667,1,399000,1
80.5,0,0.470833333,1,#N/A,#N/A
120.5,1,0.779166667,1,159092,1
110.75,0,0.722916667,1,226831,0
129.25,1,0.94375,1,#N/A,#N/A
74,3,0.541666667,1,594464,0
98.75,1,0.697916667,1,614108,1
137,2,0.916666667,1,590430,1
134.25,1,0.89375,1,645756,1
110.5,0,0.7875,1,#N/A,#N/A
113,1,0.716666667,1,505733,0
138,2,0.9,1,964323,1
127.25,1,0.860416667,1,846375,0
110.5,0,0.795833333,1,135854,0
146.5,1,0.970833333,1,899130,0
125.25,0,0.89375,1,871838,0
149,4,0.991666667,1,212204,0
90.5,3,0.629166667,1,#N/A,#N/A
109,0,0.683333333,1,68946,0
131.25,2,0.84375,1,976611,1
108.75,1,0.78125,1,819181,1
92.5,2,0.645833333,1,965176,1
95.5,0,0.695833333,1,956000,0
147.25,1,0.977083333,1,810732,1
122.25,1,0.86875,1,#N/A,#N/A
88.75,0,0.539583333,1,716655,1
101.25,0,0.69375,1,166653,0
73.5,0,0.4625,1,577775,0
79.5,0,0.504166667,1,853202,0
131.5,3,0.870833333,1,558611,1
93,4,0.6,1,#N/A,#N/A
126,2,0.866666667,1,796245,0
115,0,0.758333333,1,878187,1
105.25,1,0.702083333,1,958519,0
85,0,0.558333333,1,836178,0
64,0,0.433333333,1,693113,0
107.75,0,0.697916667,1,862449,0
119.75,0,0.797916667,1,978222,0
90,0,0.5,1,684715,0
103,2,0.683333333,1,807619,0
126,2,0.85,1,179621,0
141.25,1,0.927083333,1,268381,0
119.75,5,0.797916667,1,448807,1
130.5,1,0.8625,1,633939,1
123.75,4,0.83125,1,713655,1
133.75,0,0.889583333,1,#N/A,#N/A
131.75,1,0.897916667,1,305964,0
144,2,0.975,1,782513,0
109.75,2,0.764583333,1,984483,1
121,1,0.833333333,1,770325,1
110.75,0,0.747916667,1,#N/A,#N/A
119.5,1,0.745833333,1,225644,0
94.5,2,0.6875,1,694076,0
89.75,1,0.597916667,1,#N/A,#N/A
138.75,1,0.93125,1,#N/A,#N/A
133.25,1,0.910416667,1,235076,0
144.25,9,0.952083333,1,287027,1
134.75,3,0.872916667,1,679177,1
114.25,0,0.727083333,1,92945,1
113.75,0,0.747916667,1,#N/A,#N/A
131.25,4,0.86875,1,#N/A,#N/A
139.5,1,0.9125,1,799025,0
134.5,2,0.920833333,1,244017,1
85,0,0.583333333,1,88518,1
112,3,0.758333333,1,259835,1
138,1,0.925,1,876894,0
112.25,0,0.735416667,1,949859,0
125,0,0.841666667,1,305722,0
111.75,6,0.78125,1,834917,1
134.5,2,0.895833333,1,580964,1
135.5,0,0.904166667,1,#N/A,#N/A
130.25,0,0.835416667,1,689115,1
95.5,0,0.720833333,1,#N/A,#N/A
92.25,0,0.61875,1,162626,0
94.25,0,0.585416667,1,#N/A,#N/A
73,1,0.483333333,1,139832,1
130.5,0,0.9125,1,476109,1
79.75,0,0.539583333,1,#N/A,#N/A
130.5,2,0.8625,1,636637,0
132,0,0.95,1,263276,1
81.5,0,0.504166667,1,342612,1
110.25,1,0.71875,1,671226,0
106.75,3,0.689583333,1,#N/A,#N/A
97,0,0.608333333,1,428182,0
118.75,2,0.839583333,1,672211,1
119,0,0.841666667,1,769729,1
132.75,1,0.88125,1,867392,1
111.5,1,0.754166667,1,444254,0
108.5,2,0.779166667,1,288140,0
71.5,0,0.445833333,1,#N/A,#N/A
123.5,2,0.829166667,1,978776,0
119,2,0.816666667,1,125319,1
136.25,1,0.935416667,1,#N/A,#N/A
121,0,0.808333333,1,436497,1
69.25,0,0.427083333,1,#N/A,#N/A
106,0,0.733333333,1,876961,0
136.75,2,0.914583333,1,243976,0
70.5,0,0.4625,1,#N/A,#N/A
133.25,1,0.910416667,1,94611,0
124.5,0,0.8625,1,#N/A,#N/A
142.25,3,0.960416667,1,#N/A,#N/A
105.75,0,0.75625,1,58745,0
107.5,1,0.695833333,1,#N/A,#N/A
108.75,0,0.78125,1,#N/A,#N/A
126.5,0,0.854166667,1,359780,0
121,4,0.808333333,1,927140,0
122.75,0,0.872916667,1,692033,0
88.25,1,0.585416667,1,144505,1
38.5,0,0.270833333,1,960843,1
139,1,0.908333333,1,696670,0
128,1,0.866666667,1,544196,0
122.75,0,0.797916667,1,124150,1
129,1,0.825,1,142272,0
137.25,1,0.91875,1,689786,1
132.25,2,0.927083333,1,258330,1
138,5,0.9,1,623740,1
71.5,5,0.470833333,1,654402,1
117,6,0.825,1,706286,1
123.25,1,0.852083333,1,270914,0
125.75,1,0.847916667,1,598625,1
137.25,0,0.94375,1,#N/A,#N/A
121.75,0,0.839583333,1,366508,1
121.5,1,0.8625,1,856041,1
113,1,0.791666667,1,964201,1
137.75,1,0.897916667,1,950540,0
110.75,1,0.772916667,1,329562,1
118.5,8,0.879166667,1,888191,0
113.25,0,0.76875,1,799050,0
100,1,0.708333333,1,903459,0
139.25,0,0.935416667,1,836326,1
131,0,0.916666667,1,#N/A,#N/A
95.75,0,0.672916667,1,165546,0
131,1,0.891666667,1,51543,0
76,0,0.458333333,1,#N/A,#N/A
133.25,1,0.885416667,1,#N/A,#N/A
123.25,0,0.852083333,1,151847,0
118.75,1,0.914583333,1,264948,0
134.25,0,0.89375,1,238618,0
91,0,0.558333333,1,655693,0
107.75,1,0.747916667,1,343265,1
107.25,0,0.74375,1,#N/A,#N/A
131,0,0.975,2,344244,0
122.5,0,0.904166667,2,91330,1
121,0,0.891666667,2,#N/A,#N/A
137.5,0,1.045833333,2,926367,0
114,0,0.85,2,480220,0
128.5,3,0.954166667,2,786495,1
107,0,0.775,2,692033,0
143.75,1,1.08125,2,466883,1
133.5,1,1.0125,2,55168,1
127,0,0.941666667,2,235058,1
79.75,0,0.58125,2,528554,0
132.5,3,0.9875,2,765041,1
125.5,0,0.9625,2,991407,0
126.5,0,0.9875,2,108362,1
64,1,0.466666667,2,860330,0
103,0,0.791666667,2,#N/A,#N/A
137.25,4,1.027083333,2,611211,0
103.5,0,0.8125,2,#N/A,#N/A
141.5,3,1.0625,2,529135,0
97.75,1,0.697916667,2,220027,0
118.5,1,0.920833333,2,812426,1
96.5,0,0.704166667,2,453977,0
133,0,0.991666667,2,666977,1
92.25,2,0.685416667,2,428345,1
119.5,0,0.879166667,2,225529,1
89.25,0,0.64375,2,968096,1
141.75,0,1.064583333,2,740509,1
118.5,2,0.8875,2,886611,1
123.25,0,0.910416667,2,860152,1
128.5,2,0.954166667,2,351465,1
109,1,0.808333333,2,#N/A,#N/A
91.75,0,0.68125,2,690944,1
124.5,0,0.9375,2,#N/A,#N/A
99.5,0,0.729166667,2,140062,1
128.75,3,0.95625,2,159092,1
125.75,1,0.93125,2,192121,0
61.5,0,0.4625,2,226831,0
110.75,3,0.839583333,2,244015,1
132.75,1,0.989583333,2,237915,0
95,0,0.691666667,2,614108,1
122.75,5,0.939583333,2,713655,1
122.25,2,0.902083333,2,416201,1
134.75,0,1.00625,2,876894,0
133,0,1.008333333,2,92527,0
104.25,1,0.76875,2,407458,0
124.25,2,0.935416667,2,800464,1
116.5,0,0.904166667,2,945105,0
122.5,2,0.904166667,2,854187,0
145.5,1,1.095833333,2,419144,0
105.25,1,0.777083333,2,878187,1
124,2,0.933333333,2,700204,1
121,1,0.891666667,2,341430,1
135,5,1.008333333,2,141773,0
119.75,4,0.88125,2,484404,1
118.5,1,0.904166667,2,888191,0
121.75,2,0.897916667,2,329562,1
129,3,0.958333333,2,245847,1
106.5,0,0.7875,2,407642,0
116.5,0,0.8875,2,151847,0
113,0,0.841666667,2,558605,1
133.75,0,0.997916667,2,519555,1
122,1,0.9,2,664495,0
124.5,1,0.970833333,2,884359,1
109.75,0,0.83125,2,450198,0
105.5,1,0.779166667,2,363247,1
106.75,3,0.80625,2,639052,0
124,10,0.916666667,2,512584,1
110,2,0.8,2,#N/A,#N/A
130,2,0.983333333,2,465337,1
136.5,0,1.020833333,2,22605,0
91.75,0,0.664583333,2,#N/A,#N/A
116.25,1,0.852083333,2,476109,1
133,8,0.991666667,2,259616,1
111.5,0,0.8125,2,486673,1
97,0,0.725,2,566690,0
77.5,0,0.545833333,2,342612,1
128.75,2,0.95625,2,867392,1
137,0,1.041666667,2,303623,0
94.5,3,0.6875,2,517410,1
110.75,1,0.822916667,2,444254,0
148.75,2,1.122916667,2,288131,1
116.25,3,0.852083333,2,59263,1
139.5,1,1.045833333,2,978776,0
116.25,2,0.885416667,2,19550,0
124.75,0,0.922916667,2,359836,1
118.75,2,0.90625,2,636429,1
122.5,2,0.904166667,2,759444,1
137,1,1.041666667,2,782513,0
125.75,1,0.93125,2,947508,1
117.75,1,0.864583333,2,225644,0
99.5,1,0.729166667,2,#N/A,#N/A
109,1,0.825,2,694076,0
133.125,2,1.002083333,2,146064,1
97,0,0.725,2,248654,0
113.5,0,0.829166667,2,#N/A,#N/A
129,1,0.958333333,2,#N/A,#N/A
128,1,0.95,2,#N/A,#N/A
67,2,0.491666667,2,625832,1
99.25,2,0.727083333,2,#N/A,#N/A
115,1,0.858333333,2,92945,1
140.5,2,1.054166667,2,#N/A,#N/A
129,0,0.975,2,580775,0
109.25,0,0.84375,2,769729,1
111.25,2,0.827083333,2,264948,0
142.5,7,1.070833333,2,950540,0
109.5,1,0.8125,2,958519,0
142,1,1.083333333,2,598625,1
110.75,0,0.822916667,2,#N/A,#N/A
141.25,1,1.077083333,2,566484,1
132.75,1,0.989583333,2,#N/A,#N/A
139,1,1.041666667,2,242762,1
138,1,1.05,2,51543,0
132,1,0.983333333,2,847281,0
134.5,3,1.0375,2,59135,0
146,1,1.1,2,238618,0
137.75,1,1.064583333,2,#N/A,#N/A
120.25,3,0.902083333,2,614963,0
126.75,1,0.939583333,2,574761,0
117.25,2,0.877083333,2,248408,1
142.5,5,1.070833333,2,#N/A,#N/A
61.25,0,0.49375,2,#N/A,#N/A
114.5,0,0.8375,2,#N/A,#N/A
92.75,0,0.70625,2,751453,1
116,0,0.85,2,307449,1
126.5,1,0.954166667,2,133842,0
81,1,0.558333333,2,58745,0
107.75,2,0.797916667,2,#N/A,#N/A
123.25,1,0.910416667,2,#N/A,#N/A
101.5,0,0.745833333,2,#N/A,#N/A
141.75,4,1.064583333,2,507212,1
131,1,0.975,2,285732,0
123.75,0,0.93125,2,#N/A,#N/A
114.25,0,0.86875,2,935209,0
141.25,1,1.060416667,2,581826,0
103.25,2,0.777083333,2,144505,1
122.75,1,0.90625,2,288140,0
119.75,1,0.897916667,2,662362,0
111.25,0,0.84375,2,31769,1
137.5,0,1.029166667,2,142272,0
79.75,1,0.58125,2,118791,1
130.75,1,0.972916667,2,919187,1
130.5,1,0.970833333,2,43757,1
115.75,0,0.88125,2,124150,1
138,5,1.033333333,2,869130,0
101,0,0.758333333,2,98872,0
135.75,1,1.014583333,2,588563,1
135,8,1.008333333,2,706286,1
114.25,1,0.86875,2,490479,0
136.25,1,1.01875,2,270914,0
122.25,1,0.935416667,2,861628,1
143.25,0,1.077083333,2,119737,0
83.5,2,0.595833333,2,315309,0
122,1,0.9,2,195771,0
125,0,0.958333333,2,139832,1
118.5,1,0.8875,2,33266,0
108.5,3,0.7875,2,#N/A,#N/A
101,1,0.741666667,2,157930,0
138.5,0,1.054166667,2,671226,0
140.25,1,1.06875,2,935667,1
132.5,1,0.9875,2,#N/A,#N/A
133.75,1,1.014583333,2,34034,1
106.5,0,0.770833333,2,374551,0
134.25,2,1.01875,2,270919,0
128.5,0,0.970833333,2,512211,1
95.75,4,0.73125,2,593374,1
119.75,3,0.914583333,2,703507,1
99.75,1,0.714583333,2,717760,0
138,1,1.033333333,2,452951,0
143.75,1,1.08125,2,650154,1
132,1,0.983333333,2,774287,1
132.75,0,0.989583333,2,620447,1
76.25,0,0.535416667,2,#N/A,#N/A
81.5,0,0.579166667,2,684715,0
64.75,4,0.45625,2,507517,0
112,0,0.816666667,2,862449,0
98.25,1,0.702083333,2,52942,1
133.5,1,1.0125,2,943776,1
123.25,3,0.910416667,2,#N/A,#N/A
106.25,1,0.785416667,2,594464,0
141.5,5,1.0625,2,399000,1
141.5,3,1.0625,2,590430,1
88.5,0,0.6375,2,#N/A,#N/A
65.25,4,0.460416667,2,984483,1
112,0,0.85,2,#N/A,#N/A
133.5,0,1.0125,2,365616,1
121,1,0.925,2,846375,0
143.75,2,1.097916667,2,899130,0
96.75,4,0.70625,2,652675,1
130,0,0.983333333,2,135854,0
119.25,0,0.89375,2,871838,0
132,4,0.983333333,2,292843,1
89,0,0.658333333,2,88518,1
137.75,1,1.047916667,2,679177,1
132.5,0,1.004166667,2,978945,0
137.75,0,1.03125,2,461149,1
108.75,2,0.822916667,2,720616,1
96.25,0,0.702083333,2,577775,0
105,0,0.791666667,2,689115,1
118.25,0,0.902083333,2,891009,0
140.75,3,1.05625,2,738900,0
111,3,0.825,2,#N/A,#N/A
105.25,0,0.777083333,2,#N/A,#N/A
90.75,0,0.689583333,2,#N/A,#N/A
134.75,1,1.022916667,2,#N/A,#N/A
143.75,1,1.08125,2,358872,1
74.25,0,0.56875,2,642891,1
124,0,0.916666667,2,366508,1
117.5,1,0.879166667,2,513625,1
126.75,3,0.95625,2,#N/A,#N/A
109.5,1,0.795833333,2,#N/A,#N/A
139.25,1,1.04375,2,#N/A,#N/A
115,2,0.858333333,2,222033,0
71.75,1,0.514583333,2,325835,1
115.5,1,0.8625,2,176063,1
130,0,0.983333333,2,648833,0
145,1,1.091666667,2,43300,1
135.75,0,1.03125,2,#N/A,#N/A
113,3,0.858333333,2,135223,0
142.25,1,1.06875,2,74745,1
143.25,0,1.077083333,2,753426,1
144.75,3,1.10625,2,382346,1
123.75,1,0.93125,2,764022,1
131.25,2,0.977083333,2,#N/A,#N/A
137.5,2,1.045833333,2,#N/A,#N/A
107.5,2,0.795833333,2,606922,1
74,2,0.533333333,2,#N/A,#N/A
112,0,0.816666667,2,#N/A,#N/A
134,1,1,2,451632,0
87.75,0,0.647916667,2,622456,1
127.5,5,0.945833333,2,810732,1
145.25,1,1.09375,2,#N/A,#N/A
123,0,0.925,2,359780,0
109,0,0.791666667,2,#N/A,#N/A
145,2,1.091666667,2,927140,0
116.25,2,0.86875,2,77220,1
90.5,0,0.670833333,2,#N/A,#N/A
129.75,1,0.964583333,2,881437,1
133.25,0,0.99375,2,689786,1
146.5,2,1.104166667,2,696670,0
62.75,1,0.472916667,2,960843,1
141.5,2,1.0625,2,#N/A,#N/A
143,3,1.075,2,623740,1
117.25,4,0.89375,2,258330,1
103.5,0,0.7625,2,190808,0
94.5,0,0.6875,2,509583,0
103,7,0.758333333,2,654402,1
108.25,3,0.785416667,2,#N/A,#N/A
128.25,1,0.96875,2,124520,1
117,1,0.875,2,616583,0
127.5,1,0.945833333,2,333796,1
80.75,1,0.60625,2,92678,1
121,1,0.908333333,2,#N/A,#N/A
132.25,3,0.985416667,2,636637,0
114.5,1,0.8375,2,263276,1
130.25,1,0.985416667,2,46228,0
146.75,2,1.10625,2,782358,1
129,7,0.958333333,2,239176,1
84.75,2,0.639583333,2,549967,1
146.25,0,1.102083333,2,852762,0
104.25,0,0.802083333,2,336889,0
124.75,1,0.922916667,2,548093,1
110.25,1,0.81875,2,151635,1
147,1,1.108333333,2,#N/A,#N/A
117.5,3,0.8625,2,125319,1
106,3,0.783333333,2,137939,0
106.5,1,0.7875,2,657777,0
113.5,3,0.845833333,2,755185,1
137.25,1,1.027083333,2,267235,0
130.75,1,0.989583333,2,694922,1
131.25,0,0.977083333,2,436497,1
128.5,0,0.954166667,2,974667,1
140.5,1,1.054166667,2,481746,0
120.5,1,0.8875,2,#N/A,#N/A
134.25,0,1.002083333,2,462500,0
119.25,0,0.877083333,2,739642,0
136.75,1,1.039583333,2,640132,0
135.5,4,1.0125,2,243976,0
102.5,5,0.754166667,2,52826,0
139.5,0,1.045833333,2,966363,1
97.5,0,0.7125,2,179621,0
68.5,0,0.504166667,2,693113,0
107.5,1,0.8125,2,722426,1
141.25,3,1.077083333,2,448807,1
136.5,1,1.0375,2,#N/A,#N/A
140,0,1.066666667,2,135939,1
128,0,0.966666667,2,702967,0
139.25,0,1.060416667,2,779885,0
122.75,1,0.922916667,2,#N/A,#N/A
144.25,1,1.085416667,2,212204,0
102.5,0,0.754166667,2,956000,0
122,0,0.9,2,660158,1
112.25,1,0.835416667,2,861908,1
142,1,1.066666667,2,244017,1
143,7,1.075,2,287027,1
141.25,0,1.077083333,2,799025,0
114.5,0,0.870833333,2,#N/A,#N/A
114.5,0,0.8375,2,352635,0
140.75,1,1.05625,2,153600,0
123.5,1,0.945833333,2,853202,0
137,3,1.025,2,558377,1
136.25,0,1.01875,2,698444,1
106.25,0,0.76875,2,259835,1
98,1,0.733333333,2,427233,1
135.75,4,1.03125,2,242919,1
115.5,0,0.8625,2,949859,0
106,0,0.8,2,964201,1
117,4,0.858333333,2,187101,1
142,1,1.066666667,2,856041,1
121.75,0,0.93125,2,#N/A,#N/A
121,0,0.891666667,2,836178,0
145.25,1,1.09375,2,291081,0
115,3,0.858333333,2,626623,1
143.25,0,1.077083333,2,#N/A,#N/A
113.25,1,0.84375,2,207574,1
103.5,0,0.779166667,2,799050,0
128.5,0,0.970833333,2,323464,0
136.5,1,1.020833333,2,836326,1
95.75,0,0.68125,2,165546,0
132.25,2,1.002083333,2,211740,0
64,3,0.466666667,2,536224,1
142.75,1,1.072916667,2,748219,0
55,0,0.391666667,2,655693,0
132.75,0,1.00625,2,875319,1
127,0,0.941666667,2,965907,1
85.5,0,0.679166667,2,585976,1
139.75,1,1.047916667,2,841564,1
141.25,0,1.060416667,2,212467,0
101.5,1,0.745833333,2,343265,1
121.75,1,0.897916667,2,431471,0
90.75,1,0.65625,2,965176,1
128,0,0.966666667,2,850089,0
119,1,0.891666667,2,665605,1
130.25,3,0.96875,2,822100,1
99.5,1,0.7125,2,#N/A,#N/A
122,8,0.916666667,2,844766,1
144.5,1,1.0875,2,#N/A,#N/A
114.5,1,0.8375,2,764874,0
134.75,0,1.00625,2,668684,0
110.5,0,0.804166667,2,632601,0
108.5,0,0.804166667,2,748690,0
117.5,0,0.879166667,2,243506,1
137,4,1.041666667,2,299411,0
103,0,0.775,2,985120,0
111.75,2,0.83125,2,888959,0
145.25,1,1.09375,2,836043,0
145.75,2,1.097916667,2,746481,0
89,0,0.675,2,865209,1
124.5,1,0.920833333,2,721234,1
124.25,1,0.91875,2,907418,1
125.75,3,0.964583333,2,955043,1
107.75,0,0.797916667,2,417319,0
119.75,1,0.897916667,2,431940,0
62.5,0,0.454166667,2,968141,1
142,2,1.083333333,2,#N/A,#N/A
120.25,1,0.902083333,2,#N/A,#N/A
129.25,0,0.960416667,2,#N/A,#N/A
143.25,1,1.077083333,2,94611,0
123,7,0.908333333,2,259933,1
91.5,0,0.695833333,2,876961,0
86.5,2,0.6375,2,785564,0
136,0,1.016666667,2,354442,0
115.75,3,0.847916667,2,172514,0
128.25,1,0.96875,2,133411,0
106.5,1,0.804166667,2,642673,0
86.75,0,0.639583333,2,#N/A,#N/A
123.75,0,0.93125,2,907662,1
127,0,0.941666667,2,#N/A,#N/A
121,0,0.908333333,2,56505,0
135.25,3,1.010416667,2,218881,1
81.75,0,0.58125,2,428182,0
76.5,0,0.5875,2,#N/A,#N/A
121,0,0.891666667,2,901788,0
144,2,1.083333333,2,262564,1
138,1,1.05,2,880512,1
120.75,3,0.90625,2,672211,1
138.25,1,1.035416667,2,318284,0
105.5,1,0.779166667,2,228847,1
139,3,1.041666667,2,512042,0
131.25,3,0.99375,2,587190,0
143.5,4,1.079166667,2,#N/A,#N/A
126.75,1,0.95625,2,873188,1
115.5,1,0.879166667,2,74053,0
128.25,0,0.96875,2,268381,0
138,1,1.083333333,2,633939,1
141.25,2,1.060416667,2,810882,0
117.5,1,0.879166667,2,807619,0
97.25,0,0.710416667,2,978222,0
134,0,1,2,738956,0
131.25,1,0.99375,2,305964,0
108,1,0.783333333,2,645756,1
139,2,1.058333333,2,330065,0
124,0,0.95,2,#N/A,#N/A
129.25,3,0.99375,2,478761,1
131,1,0.975,2,943584,0
112.5,0,0.820833333,2,593931,1
98,0,0.733333333,2,505733,0
120.75,1,0.889583333,2,148499,1
134,2,1.016666667,2,235076,0
81,2,0.608333333,2,819339,1
132.75,2,0.989583333,2,429624,0
138.25,1,1.035416667,2,435782,1
112.25,0,0.86875,2,770325,1
126,1,0.933333333,2,964323,1
119.5,2,0.895833333,2,976611,1
124.5,2,0.920833333,2,819181,1
128,0,0.966666667,2,68946,0
61.5,0,0.429166667,2,968101,1
125.75,0,0.93125,2,558611,1
74.25,0,0.535416667,2,681039,1
75,0,0.508333333,2,162626,0
93,1,0.691666667,2,305722,0
113,1,0.841666667,2,716655,1
103,7,0.791666667,2,580964,1
70.25,2,0.502083333,2,#N/A,#N/A
101.5,3,0.745833333,2,834917,1
82.5,0,0.5875,2,470909,0
139.5,1,1.045833333,2,296676,1
145,1,1.091666667,2,199510,0
116.5,0,0.8875,2,796245,0
127,3,0.958333333,2,162017,1
138.25,1,1.06875,2,499082,0
109.75,2,0.797916667,2,345393,0
112.5,2,0.8375,2,903459,0
111.5,1,0.829166667,2,#N/A,#N/A
110.5,0,0.804166667,2,853351,1
124.5,1,0.920833333,2,690437,1
121.25,2,0.910416667,2,774132,0
114.25,0,0.86875,2,126266,0
130,2,0.966666667,2,487928,1
108.75,1,0.80625,2,444669,0
126.75,0,0.939583333,2,506095,0
139.5,0,1.045833333,2,#N/A,#N/A
79.5,0,0.595833333,2,234275,0
67.25,0,0.477083333,2,865378,0
101.25,2,0.710416667,3,92945,1
80.25,1,0.56875,3,88518,1
99.5,4,0.729166667,3,#N/A,#N/A
136,5,1,3,698444,1
91.5,2,0.6625,3,853202,0
119,0,0.858333333,3,92527,0
141.75,6,1.064583333,3,#N/A,#N/A
74.25,0,0.535416667,3,968101,1
137,3,1.025,3,878187,1
137.25,3,1.010416667,3,950540,0
145.75,3,1.064583333,3,358872,1
79.75,2,0.53125,3,642891,1
145.5,2,1.045833333,3,199510,0
120,3,0.916666667,3,366508,1
120,2,0.883333333,3,513625,1
129.75,1,0.997916667,3,499082,0
129,0,0.941666667,3,#N/A,#N/A
121.25,4,0.89375,3,345393,0
140.5,1,1.0375,3,245847,1
94.75,3,0.672916667,3,799050,0
115,3,0.858333333,3,853351,1
124.75,4,0.939583333,3,242762,1
145,2,1.041666667,3,847281,0
117.5,0,0.829166667,3,151847,0
114.75,2,0.872916667,3,574761,0
127,1,0.958333333,3,519555,1
140.25,0,1.01875,3,#N/A,#N/A
119,1,0.875,3,506095,0
98.25,3,0.735416667,3,517410,1
137,4,0.991666667,3,218881,1
127.25,2,0.960416667,3,769729,1
121,4,0.908333333,3,#N/A,#N/A
114.5,1,0.8375,3,901788,0
126.75,3,0.95625,3,19550,0
131,8,0.958333333,3,759444,1
111.25,0,0.827083333,3,56505,0
120,1,0.883333333,3,587190,0
98.25,6,0.71875,3,873188,1
102,2,0.75,3,151635,1
112.75,2,0.822916667,3,657777,0
131.5,2,0.9625,3,453977,0
104.5,0,0.7875,3,548093,1
122,3,0.9,3,666977,1
119.75,2,0.897916667,3,225529,1
137.75,1,1.014583333,3,354442,0
126,1,0.966666667,3,462500,0
99.25,1,0.69375,3,876961,0
137,4,1.025,3,351465,1
141.5,3,1.0625,3,640132,0
114.5,2,0.8375,3,620447,1
120.75,1,0.90625,3,774287,1
110.25,0,0.802083333,3,862449,0
136.25,4,1.035416667,3,#N/A,#N/A
69.5,1,0.495833333,3,140062,1
105.75,0,0.764583333,3,226831,0
126,1,0.933333333,3,74053,0
107.25,0,0.74375,3,779885,0
121.75,9,0.88125,3,593931,1
79,1,0.608333333,3,#N/A,#N/A
115.25,2,0.827083333,3,846375,0
132.75,1,0.989583333,3,#N/A,#N/A
106.25,5,0.76875,3,652675,1
130.25,1,0.96875,3,429624,0
106,2,0.783333333,3,819339,1
123.75,1,0.93125,3,770325,1
140,5,1.033333333,3,292843,1
141.25,12,1.027083333,3,#N/A,#N/A
130,5,0.933333333,3,786495,1
106,0,0.783333333,3,#N/A,#N/A
125.5,3,0.929166667,3,#N/A,#N/A
110.75,1,0.80625,3,662362,0
126,2,0.916666667,3,935209,0
114.5,0,0.804166667,3,748690,0
130.75,5,0.939583333,3,623740,1
118.75,2,0.85625,3,782513,0
130.25,0,0.985416667,3,668684,0
132,1,0.983333333,3,#N/A,#N/A
130.75,5,0.95625,3,765041,1
136.5,6,1.004166667,3,299411,0
120.75,0,0.889583333,3,991407,0
84,0,0.6,3,509583,0
131,2,0.975,3,919187,1
136.25,1,1.01875,3,235058,1
135,2,0.958333333,3,869130,0
89.75,4,0.697916667,3,960843,1
120.25,2,0.885416667,3,124150,1
108.5,1,0.820833333,3,490479,0
130.5,1,0.970833333,3,330065,0
47,1,0.308333333,3,860330,0
134.5,3,1.004166667,3,270914,0
124.75,5,0.922916667,3,486673,1
101.75,2,0.764583333,3,721234,1
106.75,2,0.75625,3,907418,1
118.75,1,0.872916667,3,884359,1
109.25,1,0.827083333,3,639052,0
143.25,7,1.060416667,3,512584,1
98,3,0.733333333,3,315309,0
139.5,3,1.029166667,3,#N/A,#N/A
138.75,3,1.00625,3,119737,0
118.5,6,0.870833333,3,476109,1
114,3,0.85,3,263276,1
135.75,6,1.014583333,3,259616,1
92,0,0.666666667,3,#N/A,#N/A
118,1,0.85,3,33266,0
112.5,2,0.820833333,3,428345,1
123,7,0.925,3,125319,1
141,3,1.025,3,34034,1
118.75,6,0.872916667,3,812426,1
128.75,0,0.922916667,3,#N/A,#N/A
142,1,1.033333333,3,739642,0
142.75,5,1.039583333,3,512211,1
107.5,0,0.779166667,3,642673,0
132.25,3,0.96875,3,#N/A,#N/A
127.5,1,0.895833333,3,860152,1
106,1,0.783333333,3,374551,0
136,0,0.983333333,3,974667,1
114.5,0,0.8375,3,968096,1
128.75,2,0.939583333,3,966363,1
116.5,8,0.854166667,3,52942,1
130.25,1,0.952083333,3,738956,0
98.25,5,0.702083333,3,690944,1
134.5,0,0.9875,3,978222,0
131.5,7,0.979166667,3,722426,1
144.25,3,1.035416667,3,237915,0
133.75,1,0.964583333,3,305964,0
130.5,0,0.954166667,3,#N/A,#N/A
100.5,0,0.7375,3,614108,1
87.25,0,0.577083333,3,984483,1
146.75,4,1.072916667,3,235076,0
139.75,5,1.03125,3,146064,1
127,4,0.908333333,3,148499,1
126.25,0,0.91875,3,#N/A,#N/A
91,1,0.658333333,3,#N/A,#N/A
91.25,5,0.69375,3,625832,1
132.5,6,0.970833333,3,#N/A,#N/A
132.75,0,0.972916667,3,#N/A,#N/A
119,4,0.891666667,3,660158,1
107.75,0,0.78125,3,#N/A,#N/A
142.5,1,1.0375,3,679177,1
134,0,0.983333333,3,956000,0
131.75,0,0.964583333,3,580775,0
136.5,2,0.9875,3,943776,1
84.625,2,0.638541667,3,681039,1
128,3,0.933333333,3,834917,1
137.625,1,0.996875,3,978945,0
135.25,4,0.960416667,3,720616,1
120.75,9,0.922916667,3,580964,1
138.25,1,1.035416667,3,716655,1
144.25,1,1.035416667,3,153600,0
83.75,0,0.597916667,3,166653,0
131.5,3,0.9625,3,416201,1
105.75,0,0.747916667,3,577775,0
106,2,0.8,3,594464,0
110.25,2,0.802083333,3,891009,0
114,3,0.816666667,3,427233,1
110,1,0.8,3,305722,0
119.75,6,0.847916667,3,558611,1
138.5,6,1.020833333,3,484404,1
118,3,0.866666667,3,888191,0
117,0,0.875,3,165546,0
103,1,0.741666667,3,903459,0
147,4,1.058333333,3,59135,0
134.25,2,1.002083333,3,51543,0
143.25,5,1.04375,3,875319,1
122.5,6,0.904166667,3,#N/A,#N/A
117.25,5,0.877083333,3,536224,1
127.25,0,0.927083333,3,#N/A,#N/A
125.5,1,0.9125,3,558605,1
118,1,0.85,3,614963,0
131.5,1,0.979166667,3,133842,0
129.5,6,0.9125,3,#N/A,#N/A
111.25,0,0.777083333,3,307449,1
111.5,0,0.8125,3,#N/A,#N/A
137.75,0,1.014583333,3,850089,0
134.25,7,0.985416667,3,466883,1
91.75,4,0.647916667,3,665605,1
141,6,1.025,3,822100,1
129.5,0,0.979166667,3,692033,0
84.25,1,0.61875,3,#N/A,#N/A
130.75,2,0.95625,3,285732,0
107,0,0.791666667,3,#N/A,#N/A
112,0,0.816666667,3,#N/A,#N/A
123.25,0,0.877083333,3,632601,0
88.5,0,0.604166667,3,544196,0
134.5,1,0.9875,3,689786,1
136.25,0,0.96875,3,142272,0
115,4,0.841666667,3,654402,1
129.25,2,0.94375,3,108362,1
130.75,3,0.939583333,3,243976,0
76.25,3,0.535416667,3,888959,0
109.25,0,0.760416667,3,#N/A,#N/A
129.5,2,0.945833333,3,861628,1
85.25,0,0.59375,3,450198,0
71.25,7,0.527083333,3,363247,1
102,3,0.783333333,3,#N/A,#N/A
82,1,0.6,3,968141,1
123.5,4,0.8625,3,431940,0
118.25,1,0.852083333,3,139832,1
129.25,1,0.960416667,3,46228,0
129.25,6,0.927083333,3,672211,1
133.75,0,0.98125,3,359836,1
127,0,0.925,3,444254,0
135,3,0.991666667,3,978776,0
131.25,3,0.927083333,3,288131,1
121,2,0.858333333,3,549967,1
130.75,0,0.95625,3,671226,0
143.25,5,1.04375,3,#N/A,#N/A
143.25,4,1.027083333,3,867392,1
145,7,1.041666667,3,487928,1
132.5,3,0.970833333,3,461149,1
107.75,2,0.797916667,3,259835,1
149.5,4,1.079166667,3,738900,0
132.5,1,0.954166667,3,876894,0
119,3,0.891666667,3,242919,1
122,0,0.9,3,#N/A,#N/A
99,1,0.708333333,3,#N/A,#N/A
118.5,0,0.8375,3,#N/A,#N/A
123.5,3,0.879166667,3,856041,1
109.5,1,0.779166667,3,964201,1
133,4,0.941666667,3,141773,0
131.75,6,0.93125,3,700204,1
118.75,4,0.889583333,3,598625,1
117.5,11,0.879166667,3,329562,1
116.5,2,0.8375,3,836178,0
81.75,1,0.564583333,3,774132,0
122,1,0.85,3,#N/A,#N/A
119.75,5,0.88125,3,690437,1
103.75,0,0.764583333,3,126266,0
126.25,3,0.935416667,3,#N/A,#N/A
130.25,3,0.985416667,3,264948,0
109.25,1,0.810416667,3,444669,0
142.5,1,1.0375,3,664495,0
122.75,1,0.90625,3,841564,1
133.5,3,0.979166667,3,343265,1
133,2,0.975,3,451632,0
125,0,0.891666667,3,58745,0
120.5,0,0.904166667,3,#N/A,#N/A
84.5,2,0.620833333,3,#N/A,#N/A
121.5,0,0.8625,3,#N/A,#N/A
121.5,4,0.879166667,3,507212,1
139.5,3,1.029166667,3,927140,0
132.5,2,0.9375,3,55168,1
134.75,0,0.972916667,3,267235,0
112.75,0,0.85625,3,144505,1
123.75,3,0.897916667,3,118791,1
114.25,0,0.785416667,3,#N/A,#N/A
118.5,0,0.870833333,3,985120,0
129.5,0,0.945833333,3,98872,0
137,0,0.975,3,#N/A,#N/A
129,3,0.908333333,3,#N/A,#N/A
136.75,11,0.989583333,3,844766,1
135.5,3,1.0125,3,43757,1
106,0,0.783333333,3,528554,0
107.25,0,0.777083333,3,764874,0
94.5,3,0.6875,3,#N/A,#N/A
110,2,0.783333333,3,616583,0
136.5,1,0.9875,3,22605,0
138.5,1,1.004166667,3,636637,0
124.75,1,0.939583333,3,195771,0
135.25,5,1.010416667,3,465337,1
100,1,0.7,3,342612,1
91.25,0,0.64375,3,428182,0
132,3,0.983333333,3,262564,1
137,1,1.008333333,3,880512,1
143.25,1,1.027083333,3,318284,0
135.75,2,0.964583333,3,529135,0
142.5,1,1.020833333,3,852762,0
146.25,0,1.06875,3,512042,0
108.75,1,0.772916667,3,220027,0
109.5,1,0.7625,3,336889,0
138.25,3,0.985416667,3,94611,0
131.25,0,0.960416667,3,#N/A,#N/A
121.5,2,0.8625,3,137939,0
130,3,0.916666667,3,694922,1
108.5,4,0.7875,3,785564,0
124,5,0.9,3,259933,1
132.5,3,0.970833333,3,703507,1
134.75,0,0.989583333,3,270919,0
142.5,3,1.0375,3,650154,1
117,2,0.891666667,3,52826,0
124.25,3,0.902083333,3,907662,1
130.25,1,0.96875,3,717760,0
132,1,0.95,3,179621,0
127.75,3,0.914583333,3,#N/A,#N/A
138.75,5,1.022916667,3,810882,0
136.5,1,1.004166667,3,711147,0
122,8,0.866666667,3,399000,1
141.25,2,1.010416667,3,159092,1
136.5,1,0.9875,3,#N/A,#N/A
131,2,0.941666667,3,192121,0
136.25,2,1.002083333,3,713655,1
104.75,1,0.75625,3,702967,0
122.5,0,0.8875,3,#N/A,#N/A
137,4,0.991666667,3,590430,1
137.75,2,0.98125,3,135939,1
137.75,0,0.997916667,3,943584,0
132.25,4,0.985416667,3,947508,1
142.25,3,1.01875,3,435782,1
109.5,0,0.779166667,3,#N/A,#N/A
119.25,0,0.877083333,3,135854,0
102.75,0,0.772916667,3,694076,0
125,0,0.908333333,3,68946,0
136.75,3,0.989583333,3,819181,1
139.5,5,0.995833333,3,244017,1
118.75,2,0.872916667,3,965176,1
138.75,6,1.022916667,3,976611,1
123.75,0,0.88125,3,799025,0
137,4,0.975,3,581826,0
116.5,3,0.804166667,3,296676,1
97.5,2,0.7125,3,751453,1
91.5,2,0.6625,3,622456,1
145,3,1.041666667,3,810732,1
131.25,2,0.977083333,3,91330,1
134,4,0.983333333,3,77220,1
114.75,1,0.839583333,3,480220,0
132,2,0.933333333,3,881437,1
131.75,0,0.947916667,3,288140,0
122.5,0,0.8875,3,359780,0
149,3,1.075,3,696670,0
136,2,1,3,243506,1
131.75,2,0.947916667,3,31769,1
136.5,8,0.9875,3,258330,1
127,1,0.941666667,3,431471,0
149,0,1.075,3,588563,1
136.75,6,1.00625,3,706286,1
133.75,5,0.98125,3,124520,1
141.75,1,1.03125,3,836043,0
142.75,1,1.039583333,3,611211,0
148.5,0,1.070833333,3,746481,0
97.25,2,0.69375,3,865209,1
128.25,6,0.935416667,3,955043,1
92.5,1,0.654166667,3,417319,0
82.5,4,0.604166667,3,92678,1
130.25,1,0.952083333,3,333796,1
113,0,0.791666667,3,#N/A,#N/A
137.75,1,0.997916667,3,#N/A,#N/A
120.5,0,0.870833333,3,566690,0
112.5,0,0.820833333,3,#N/A,#N/A
126,0,0.883333333,3,303623,0
139,9,1.058333333,3,287027,1
140,5,1,3,#N/A,#N/A
132,0,0.933333333,3,352635,0
142.5,8,1.020833333,3,558377,1
118,0,0.85,3,689115,1
134.5,1,0.9875,3,407458,0
143,1,1.041666667,3,800464,1
122,0,0.9,3,470909,0
114,0,0.816666667,3,162626,0
118,0,0.833333333,3,945105,0
100,0,0.733333333,3,949859,0
130.5,4,0.970833333,3,187101,1
128,2,0.9,3,796245,0
142.5,1,1.020833333,3,419144,0
104.5,0,0.7375,3,958519,0
132.75,4,0.95625,3,341430,1
135.5,1,0.9625,3,162017,1
133.5,1,0.945833333,3,854187,0
129,2,0.941666667,3,291081,0
125.5,5,0.9125,3,#N/A,#N/A
132,2,0.983333333,3,207574,1
114.25,3,0.885416667,3,626623,1
128,2,0.916666667,3,566484,1
130.5,0,0.9375,3,323464,0
141.75,5,1.03125,3,836326,1
87.5,0,0.6125,3,407642,0
136.5,1,0.970833333,3,748219,0
144.25,1,1.035416667,3,238618,0
103.5,0,0.729166667,3,655693,0
139.25,4,1.027083333,3,211740,0
118,4,0.833333333,3,965907,1
140,3,1,3,248408,1
138.75,1,0.989583333,3,212467,0
110.25,1,0.752083333,3,865378,0
98,0,0.683333333,3,234275,0
82.25,4,0.552083333,3,585976,1
148.5,3,1.070833333,3,239176,1
128.25,3,0.935416667,3,59263,1
132.75,7,0.95625,3,782358,1
103.75,0,0.714583333,3,157930,0
137.75,4,1.014583333,3,935667,1
108.5,5,0.7375,3,636429,1
95,3,0.708333333,3,228847,1
136.5,1,1.004166667,3,755185,1
126,2,0.883333333,3,436497,1
69.5,0,0.4625,3,#N/A,#N/A
123.5,2,0.9125,3,172514,0
125,0,0.891666667,3,133411,0
126.25,6,0.902083333,3,481746,0
141,0,1.008333333,3,740509,1
115.25,0,0.84375,3,#N/A,#N/A
146.75,2,1.05625,3,452951,0
124.5,6,0.8875,3,886611,1
131.75,9,0.947916667,3,593374,1
128.75,0,0.922916667,3,#N/A,#N/A
137.5,1,0.979166667,3,807619,0
129.75,1,0.914583333,3,#N/A,#N/A
132.5,3,0.9375,3,#N/A,#N/A
117.5,3,0.8125,3,507517,0
83,0,0.608333333,3,#N/A,#N/A
75,1,0.491666667,3,684715,0
147,7,1.058333333,3,448807,1
124.25,0,0.885416667,3,268381,0
144.25,2,1.035416667,3,633939,1
144.75,6,1.039583333,3,244015,1
124.25,3,0.86875,3,478761,1
130.25,1,0.96875,3,#N/A,#N/A
126.5,3,0.904166667,3,225644,0
99.25,0,0.727083333,3,248654,0
144,4,1.033333333,3,899130,0
135,4,0.958333333,3,#N/A,#N/A
136.25,2,1.002083333,3,212204,0
125,0,0.908333333,3,871838,0
128.5,2,0.920833333,3,861908,1
143,0,1.041666667,3,#N/A,#N/A
134.25,2,1.002083333,3,#N/A,#N/A
118.5,11,0.8375,3,#N/A,#N/A
118,3,0.866666667,3,222033,0
114.75,2,0.80625,3,176063,1
83,3,0.608333333,3,325835,1
136.25,0,0.96875,3,648833,0
143.5,0,1.045833333,3,#N/A,#N/A
146.5,2,1.054166667,3,43300,1
120.5,1,0.8875,3,135223,0
137,2,0.991666667,3,753426,1
141.5,10,1.029166667,3,74745,1
128,2,0.95,3,764022,1
142.25,6,1.01875,3,382346,1
124,3,0.883333333,3,#N/A,#N/A
137.75,6,0.98125,3,#N/A,#N/A
136,2,0.983333333,3,606922,1
19.25,0,0.160416667,3,#N/A,#N/A
127.5,1,0.75,4,451632,0
130.25,1,0.702083333,4,722426,1
135,1,0.725,4,700204,1
128.5,3,0.720833333,4,512042,0
124,0,0.716666667,4,133842,0
77,1,0.4625,4,#N/A,#N/A
126.75,0,0.722916667,4,#N/A,#N/A
95,3,0.5,4,665605,1
146,1,0.8,4,822100,1
97.5,1,0.5,4,#N/A,#N/A
130,2,0.708333333,4,#N/A,#N/A
143,1,0.8,4,#N/A,#N/A
127.25,0,0.710416667,4,662362,0
112,0,0.533333333,4,748690,0
78.5,0,0.445833333,4,#N/A,#N/A
142.5,1,0.808333333,4,#N/A,#N/A
149.25,2,0.827083333,4,623740,1
85.5,0,0.529166667,4,528554,0
136,2,0.775,4,258330,1
108.5,0,0.6375,4,654402,1
141.5,2,0.766666667,4,869130,0
133.5,0,0.7875,4,108362,1
109,0,0.55,4,#N/A,#N/A
127.5,5,0.745833333,4,486673,1
134,1,0.7,4,836043,0
87.5,0,0.4625,4,#N/A,#N/A
145,2,0.791666667,4,746481,0
145,1,0.808333333,4,884359,1
98.75,7,0.51875,4,#N/A,#N/A
141.5,1,0.7625,4,#N/A,#N/A
86,0,0.508333333,4,968141,1
137,1,0.783333333,4,476109,1
124,0,0.633333333,4,139832,1
143.5,2,0.808333333,4,46228,0
128,0,0.733333333,4,59263,1
97,0,0.525,4,428182,0
128,3,0.75,4,239176,1
142.5,1,0.8,4,288131,1
136,0,0.816666667,4,769729,1
119.5,3,0.633333333,4,19550,0
84.5,0,0.533333333,4,157930,0
115.5,0,0.670833333,4,636429,1
128,1,0.691666667,4,137939,0
116.75,3,0.597916667,4,548093,1
124.25,0,0.68125,4,436497,1
79,3,0.470833333,4,428345,1
118,0,0.7,4,#N/A,#N/A
132,4,0.758333333,4,172514,0
96,0,0.525,4,968096,1
101,0,0.591666667,4,374551,0
124.5,0,0.7125,4,974667,1
113.5,2,0.641666667,4,886611,1
148,1,0.833333333,4,740509,1
110.5,2,0.6,4,#N/A,#N/A
134.5,12,0.7625,4,593374,1
141.5,0,0.7875,4,#N/A,#N/A
105,1,0.566666667,4,717760,0
128,2,0.695833333,4,481746,0
64,0,0.333333333,4,690944,1
112,0,0.725,4,594464,0
119.5,0,0.6375,4,140062,1
119.25,2,0.677083333,4,192121,0
72,0,0.416666667,4,226831,0
121,5,0.629166667,4,135939,1
136,0,0.745833333,4,305964,0
138.5,1,0.754166667,4,237915,0
137.5,0,0.754166667,4,943584,0
102.25,0,0.558333333,4,#N/A,#N/A
127,2,0.691666667,4,505733,0
88.5,2,0.45,4,#N/A,#N/A
143,1,0.791666667,4,225644,0
108.75,0,0.625,4,694076,0
143,0,0.8125,4,365616,1
127.25,1,0.716666667,4,964323,1
134,0,0.725,4,660158,1
141.75,2,0.775,4,679177,1
92.5,1,0.483333333,4,#N/A,#N/A
106.5,0,0.583333333,4,965176,1
125.5,0,0.720833333,4,88518,1
114.25,0,0.597916667,4,68946,0
139.5,2,0.808333333,4,698444,1
138.5,1,0.775,4,720616,1
134,2,0.758333333,4,461149,1
114.25,0,0.61875,4,407458,0
114,4,0.633333333,4,305722,0
127.5,5,0.708333333,4,#N/A,#N/A
133,0,0.716666667,4,#N/A,#N/A
85,0,0.625,4,#N/A,#N/A
143.5,1,0.795833333,4,856041,1
134.75,2,0.73125,4,419144,0
115,2,0.666666667,4,964201,1
138.75,0,0.76875,4,854187,0
105,6,0.633333333,4,207574,1
81,4,0.458333333,4,626623,1
116,0,0.666666667,4,799050,0
131.5,2,0.733333333,4,323464,0
142.5,1,0.816666667,4,836326,1
105.5,0,0.604166667,4,903459,0
112.5,1,0.675,4,264948,0
120.75,2,0.758333333,4,558605,1
133.25,2,0.7375,4,343265,1
85.5,1,0.458333333,4,614963,0
128.5,3,0.745833333,4,212467,0
136,1,0.783333333,4,519555,1
143.75,0,0.80625,4,664495,0
144,2,0.795833333,4,#N/A,#N/A
148,2,0.816666667,4,529135,0
132.5,1,0.739583333,4,220027,0
102.75,2,0.64375,4,151635,1
133.5,0,0.741666667,4,#N/A,#N/A
135.25,1,0.79375,4,34034,1
123,0,0.766666667,4,812426,1
133.5,1,0.720833333,4,666977,1
136.25,2,0.7875,4,225529,1
121.25,1,0.7125,4,785564,0
107,1,0.641666667,4,462500,0
142.75,2,0.816666667,4,640132,0
127,1,0.666666667,4,#N/A,#N/A
131.75,0,0.73125,4,860152,1
118,0,0.675,4,642673,0
91,0,0.5,4,684715,0
127.75,0,0.7,4,179621,0
134.25,0,0.74375,4,#N/A,#N/A
72.5,1,0.354166667,4,#N/A,#N/A
117.5,0,0.654166667,4,978222,0
81,0,0.4875,4,862449,0
139.25,1,0.760416667,4,633939,1
144,4,0.833333333,4,244015,1
142.5,1,0.770833333,4,590430,1
138.25,1,0.79375,4,645756,1
120.5,0,0.604166667,4,614108,1
144.75,2,0.833333333,4,713655,1
119,1,0.7,4,984483,1
135.5,4,0.779166667,4,947508,1
140.25,2,0.829166667,4,148499,1
102.5,0,0.629166667,4,#N/A,#N/A
126.5,0,0.704166667,4,#N/A,#N/A
134,0,0.725,4,#N/A,#N/A
111.5,0,0.570833333,4,751453,1
73.25,1,0.404166667,4,#N/A,#N/A
131.25,7,0.735416667,4,77220,1
103.25,3,0.570833333,4,142272,0
128.25,1,0.69375,4,#N/A,#N/A
108.5,0,0.6625,4,#N/A,#N/A
121,0,0.65,4,288140,0
116.75,0,0.641666667,4,359780,0
120,0,0.7,4,118791,1
120,0,0.708333333,4,544196,0
140.5,4,0.804166667,4,919187,1
125,0,0.666666667,4,124150,1
110.5,0,0.604166667,4,985120,0
146,1,0.833333333,4,43757,1
146,1,0.816666667,4,888959,0
133,1,0.75,4,490479,0
125.75,1,0.73125,4,616583,0
135,1,0.741666667,4,861628,1
108.5,1,0.6375,4,764874,0
102,0,0.541666667,4,417319,0
100,0,0.6,4,639052,0
92,0,0.525,4,#N/A,#N/A
132.75,1,0.725,4,22605,0
93,0,0.583333333,4,342612,1
123,1,0.65,4,672211,1
131.75,3,0.68125,4,867392,1
139.75,0,0.797916667,4,303623,0
145.25,1,0.827083333,4,262564,1
144,1,0.8,4,782358,1
125,3,0.725,4,549967,1
125.25,0,0.689583333,4,359836,1
146,1,0.833333333,4,976611,1
145,1,0.825,4,244017,1
140.25,1,0.802083333,4,810732,1
118.75,0,0.633333333,4,799025,0
143,1,0.791666667,4,978945,0
113.75,1,0.614583333,4,259835,1
115,7,0.641666667,4,580964,1
102,1,0.55,4,853202,0
131,0,0.7,4,689115,1
128.75,0,0.764583333,4,800464,1
111.5,0,0.620833333,4,470909,0
144,3,0.816666667,4,943776,1
142,0,0.783333333,4,153600,0
133.5,0,0.7625,4,558611,1
137.75,2,0.8,4,242919,1
129.25,0,0.735416667,4,945105,0
137,0,0.75,4,#N/A,#N/A
147.75,1,0.833333333,4,358872,1
141.5,0,0.820833333,4,878187,1
135.5,1,0.775,4,513625,1
133.5,0,0.745833333,4,#N/A,#N/A
138.25,1,0.745833333,4,296676,1
138,0,0.825,4,#N/A,#N/A
131,1,0.725,4,329562,1
140.5,1,0.779166667,4,291081,0
132,0,0.758333333,4,#N/A,#N/A
143,4,0.816666667,4,345393,0
114,3,0.6,4,888191,0
124.75,0,0.689583333,4,853351,1
144.5,3,0.795833333,4,51543,0
140.25,1,0.777083333,4,487928,1
113.25,0,0.61875,4,165546,0
131.25,3,0.74375,4,875319,1
94.5,0,0.4625,4,655693,0
140.75,2,0.833333333,4,#N/A,#N/A
112,1,0.641666667,4,574761,0
127.25,2,0.685416667,4,506095,0
145,0,0.8,4,#N/A,#N/A
111,0,0.65,4,585976,1
147,0,0.816666667,4,#N/A,#N/A
124.5,1,0.645833333,4,#N/A,#N/A
113,1,0.625,4,#N/A,#N/A
106.5,1,0.541666667,4,222033,0
136,1,0.775,4,176063,1
111,3,0.575,4,325835,1
131,0,0.758333333,4,648833,0
141,1,0.783333333,4,33266,0
141.5,0,0.829166667,4,#N/A,#N/A
141,1,0.8,4,43300,1
128.5,3,0.7125,4,135223,0
65,1,0.391666667,4,382346,1
141,0,0.766666667,4,753426,1
136,0,0.775,4,74745,1
111.5,1,0.570833333,4,606922,1
148.75,4,0.833333333,4,#N/A,#N/A
131,1,0.683333333,4,#N/A,#N/A
115.75,0,0.641666667,4,764022,1
107.75,0,0.68125,4,58745,0
139.5,1,0.816666667,4,850089,0
95.5,0,0.5625,4,622456,1
149,7,0.833333333,4,#N/A,#N/A
123.5,1,0.729166667,4,786495,1
138.5,1,0.791666667,4,881437,1
129.75,2,0.75625,4,466883,1
131.5,0,0.820833333,4,692033,0
141,0,0.829166667,4,926367,0
142,2,0.833333333,4,55168,1
143.5,1,0.825,4,765041,1
127,2,0.75,4,285732,0
98,0,0.529166667,4,98872,0
143,0,0.816666667,4,#N/A,#N/A
111.5,2,0.5875,4,782513,0
122,1,0.641666667,4,632601,0
128.5,1,0.7125,4,235058,1
132.5,0,0.7625,4,991407,0
144,2,0.783333333,4,611211,0
141,1,0.758333333,4,706286,1
82,1,0.425,4,865209,1
80.5,2,0.458333333,4,860330,0
126,3,0.704166667,4,270914,0
132,1,0.725,4,907418,1
141.5,0,0.804166667,4,119737,0
74,1,0.429166667,4,92678,1
146.5,4,0.829166667,4,512584,1
84,0,0.5,4,450198,0
114.5,1,0.654166667,4,363247,1
148,2,0.833333333,4,333796,1
138,0,0.808333333,4,#N/A,#N/A
135,1,0.75,4,478761,1
103.5,4,0.554166667,4,625832,1
122,0,0.770833333,4,871838,0
116.5,0,0.716666667,4,770325,1
133,2,0.775,4,429624,0
111,1,0.566666667,4,846375,0
142.25,2,0.827083333,4,235076,0
74.5,1,0.420833333,4,956000,0
144.5,3,0.820833333,4,292843,1
103,2,0.541666667,4,819181,1
113.75,0,0.622916667,4,580775,0
89.25,0,0.53125,4,968101,1
110,0,0.6,4,949859,0
141.5,1,0.766666667,4,738900,0
96,3,0.504166667,4,162626,0
109.5,1,0.6375,4,834917,1
89.5,0,0.5375,4,681039,1
148,1,0.833333333,4,141773,0
57,2,0.266666667,4,642891,1
118,1,0.65,4,366508,1
123.5,3,0.683333333,4,341430,1
122,6,0.741666667,4,598625,1
138,1,0.766666667,4,950540,0
99,0,0.525,4,836178,0
128.5,2,0.7375,4,847281,0
104,0,0.516666667,4,407642,0
142,1,0.825,4,935667,1
144.25,0,0.802083333,4,242762,1
97,1,0.625,4,126266,0
140,1,0.775,4,#N/A,#N/A
131.5,2,0.725,4,690437,1
134.5,3,0.745833333,4,211740,0
128,0,0.683333333,4,238618,0
122,0,0.654166667,4,444669,0
130.5,2,0.704166667,4,431940,0
132,1,0.7625,4,263276,1
141.75,6,0.814583333,4,259616,1
143.5,1,0.833333333,4,318284,0
137.5,1,0.791666667,4,657777,0
78.75,0,0.377083333,4,#N/A,#N/A
145,1,0.791666667,4,125319,1
123.5,0,0.683333333,4,650154,1
110,2,0.625,4,259933,1
101.75,0,0.560416667,4,#N/A,#N/A
143,2,0.8,4,218881,1
92.5,2,0.508333333,4,517410,1
95.5,3,0.554166667,4,444254,0
127,1,0.7,4,#N/A,#N/A
104.5,0,0.529166667,4,901788,0
125.5,0,0.745833333,4,56505,0
121,0,0.658333333,4,873188,1
148,1,0.833333333,4,852762,0
133,0,0.8,4,755185,1
112,2,0.679166667,4,354442,0
132.5,0,0.716666667,4,270919,0
82.5,1,0.4625,4,52826,0
102.5,0,0.579166667,4,739642,0
146.5,2,0.804166667,4,243976,0
149,1,0.833333333,4,452951,0
116,4,0.608333333,4,512211,1
132.5,1,0.783333333,4,966363,1
85,1,0.554166667,4,507517,0
56.5,1,0.354166667,4,693113,0
136,0,0.795833333,4,268381,0
99.5,4,0.6,4,74053,0
84,1,0.433333333,4,52942,1
128,1,0.675,4,807619,0
116.25,0,0.577083333,4,620447,1
117.5,1,0.6625,4,711147,0
137,4,0.779166667,4,448807,1
136,2,0.725,4,267235,0
128.5,2,0.725,4,927140,0
137.25,1,0.764583333,4,796245,0
129.5,2,0.695833333,4,162017,1
146.5,2,0.825,4,199510,0
110.25,4,0.58125,4,187101,1
102,1,0.529166667,4,958519,0
127.25,2,0.702083333,4,484404,1
143,0,0.833333333,4,245847,1
144.25,4,0.827083333,4,59135,0
122.5,1,0.683333333,4,774132,0
120.75,1,0.689583333,4,566484,1
114,1,0.6125,4,#N/A,#N/A
93.5,3,0.5375,4,536224,1
140.5,0,0.783333333,4,748219,0
111.5,0,0.633333333,4,151847,0
128.25,1,0.74375,4,248408,1
129.75,1,0.727083333,4,841564,1
88.5,0,0.433333333,4,865378,0
86,0,0.441666667,4,234275,0
120.5,0,0.654166667,4,965907,1
99,2,0.495833333,4,#N/A,#N/A
114,0,0.6,4,593931,1
136.5,1,0.729166667,4,212204,0
123,2,0.691666667,4,652675,1
111.25,0,0.564583333,4,135854,0
134,0,0.758333333,4,#N/A,#N/A
144,3,0.816666667,4,#N/A,#N/A
137.5,2,0.754166667,4,899130,0
97.5,0,0.516666667,4,248654,0
132,5,0.733333333,4,435782,1
113.75,0,0.610416667,4,819339,1
144,3,0.816666667,4,146064,1
145,0,0.833333333,4,#N/A,#N/A
137,0,0.791666667,4,352635,0
138.75,1,0.814583333,4,861908,1
119,2,0.716666667,4,92945,1
128,0,0.691666667,4,#N/A,#N/A
146.5,8,0.820833333,4,287027,1
111.25,0,0.597916667,4,92527,0
89.75,0,0.489583333,4,577775,0
85.5,3,0.4625,4,#N/A,#N/A
135.5,0,0.770833333,4,876894,0
129,3,0.775,4,416201,1
142,3,0.8,4,558377,1
88,0,0.520833333,4,166653,0
101.5,2,0.6125,4,427233,1
99.5,1,0.5375,4,891009,0
122.5,0,0.654166667,4,716655,1
129,1,0.675,4,94611,0
110.5,0,0.679166667,4,307449,1
122,0,0.675,4,#N/A,#N/A
124.25,2,0.697916667,4,91330,1
54.5,1,0.204166667,4,144505,1
96.75,1,0.45625,4,#N/A,#N/A
141.5,3,0.804166667,4,581826,0
104.75,0,0.514583333,4,935209,0
133,10,0.733333333,4,507212,1
134.5,0,0.795833333,4,243506,1
83,0,0.429166667,4,190808,0
135.5,2,0.779166667,4,31769,1
71.5,3,0.429166667,4,960843,1
141.5,2,0.7875,4,#N/A,#N/A
133.5,0,0.7375,4,689786,1
129,0,0.745833333,4,668684,0
139.75,6,0.777083333,4,844766,1
148.5,2,0.820833333,4,696670,0
143.5,2,0.804166667,4,299411,0
111.5,1,0.6375,4,509583,0
145,0,0.825,4,588563,1
103.25,1,0.56875,4,124520,1
96.5,3,0.5375,4,431471,0
137,0,0.791666667,4,721234,1
134,6,0.766666667,4,955043,1
100.5,4,0.495833333,4,315309,0
130,2,0.725,4,#N/A,#N/A
140,2,0.825,4,465337,1
115,1,0.591666667,4,636637,0
125,1,0.708333333,4,195771,0
106.5,2,0.5875,4,566690,0
134,2,0.754166667,4,880512,1
134.5,0,0.783333333,4,978776,0
114.5,0,0.670833333,4,671226,0
136,6,0.741666667,4,759444,1
107.25,0,0.639583333,4,228847,1
96.5,2,0.5,4,587190,0
103.5,0,0.654166667,4,453977,0
58.5,0,0.229166667,4,336889,0
142.5,2,0.833333333,4,694922,1
138,0,0.816666667,4,#N/A,#N/A
105.25,0,0.522916667,4,133411,0
118.5,0,0.641666667,4,907662,1
146.25,4,0.81875,4,351465,1
75,1,0.3125,4,#N/A,#N/A
97.5,0,0.479166667,4,876961,0
126,6,0.708333333,4,703507,1
127.5,4,0.720833333,4,#N/A,#N/A
134,0,0.7625,4,159092,1
109,5,0.625,4,774287,1
131,1,0.733333333,4,#N/A,#N/A
138.5,8,0.795833333,4,810882,0
138,1,0.791666667,4,#N/A,#N/A
132.5,4,0.725,4,399000,1
104.25,0,0.560416667,4,779885,0
103,0,0.508333333,4,#N/A,#N/A
119.5,1,0.6625,4,480220,0
